user_id,name,email,age
45334ff3-f7e3-4053-a609-c4fc052a7fe0,Frank Zondo,frank.zondo@gmail.com,25
ba800a78-7689-49bf-b0a7-2c93e13f8f5a,Charlie Garcia,charlie.garcia@outlook.com,76
7bb46c68-6288-41a5-8d8d-5a3d68d173ba,Senzo Mlimi,senzo.mlimi@gmail.com,45
92d0d324-d15a-4360-9850-964ed69f1a41,Mpilo Mthoko,mpilo.mthoko@company.com,48
d8e27c34-686a-4521-8667-8a279d64e707,Zakhele Brown,zakhele.brown@yahoo.com,50
889a7c4a-66ce-4cb5-8f9c-210ae446f7f7,Grace Mthoko,grace.mthoko@outlook.com,36
9fbaaf03-e86f-4437-9c19-2f9c7827ccbc,Grace Zondo,grace.zondo@example.org,73
55c2249c-9c22-4c35-bdee-a433365c3473,Simanga Martinez,simanga.martinez@gmail.com,27
65f04ccb-6424-4138-b201-72cbf3947d0d,Frank Williams,frank.williams@example.org,56
eb0aa94a-3c5f-4aa4-89ce-eeed21242ccc,Henry Martinez,henry.martinez@outlook.com,80
6967f380-9f60-4821-b8ac-5c9c033f967e,Senzo Brown,senzo.brown@company.com,58
d53496fa-fb59-4ca5-aa00-e2467fa84557,Charlie Davis,charlie.davis@example.org,63
afcebf4c-5474-4101-8405-64326b661ae2,Senzo Miller,senzo.miller@yahoo.com,57
8221fd1b-2eb2-4c07-8ea6-e50c04e03dfd,Zakhele Mlimi,zakhele.mlimi@example.org,53
d9396a09-0f2f-4b2a-a91b-75ac0a3205db,Senzo Mlimi,senzo.mlimi@company.com,50
b7b355d4-2ae5-4560-98ba-1dcdb2bb9b5c,Senzo Mthoko,senzo.mthoko@yahoo.com,52
8ce18e71-2b18-49e4-bda9-05e6d5442616,Senzo Miller,senzo.miller@gmail.com,39
51f25bd1-bde8-4d52-b92e-948973974542,Palesa Brown,palesa.brown@gmail.com,42
ff7e3ed4-b411-42c7-a727-b2431abb2795,Simanga Zondo,simanga.zondo@example.org,51
28f307dc-5289-4bfc-9ce4-9c681b3a338f,Mpilo Williams,mpilo.williams@gmail.com,46
e5e3c7de-ae07-4693-8d3f-2f7937cdc5e3,Simanga Mlimi,simanga.mlimi@gmail.com,36
e918d7db-c58b-4dff-8349-77ac2b95b06a,Zakhele Brown,zakhele.brown@gmail.com,39
fbd4d81d-c577-455f-9748-6994efeb564d,Palesa Williams,palesa.williams@gmail.com,78
ea079bf5-ef9b-4711-a478-24bca4c36309,Palesa Zondo,palesa.zondo@example.org,69
c8976879-ceee-4801-b7d5-5be2e4981234,Palesa Miller,palesa.miller@company.com,64
d50da720-525b-4403-a4cf-da71aa9b3643,Henry Williams,henry.williams@example.org,34
f7d2ac4a-a1cd-4263-b295-24993166e6dc,Zanele Martinez,zanele.martinez@example.org,33
8e47e562-afec-45a9-bb34-e37dcad8e403,Palesa Rodriguez,palesa.rodriguez@outlook.com,51
fe4e1c6f-b056-4d8c-8e8c-0c372860c879,Zakhele Rodriguez,zakhele.rodriguez@yahoo.com,75
06e9b914-19e7-4ece-82af-56fc15ed52f5,Simanga Williams,simanga.williams@example.org,31
b150552b-312b-4431-8726-bb2ec9139aa2,Mpilo Davis,mpilo.davis@gmail.com,23
0cb7fceb-de69-4cd7-a67c-258c1d5bcf98,Grace Rodriguez,grace.rodriguez@outlook.com,60
5dbd1371-6b56-4050-a0fc-273187db6c25,Palesa Rodriguez,palesa.rodriguez@gmail.com,76
9b288c31-42af-4362-af29-22ff64cea5e1,Zakhele Davis,zakhele.davis@gmail.com,42
647350fa-78a4-4bdc-acbb-25453d762ef7,Zanele Mlimi,zanele.mlimi@outlook.com,52
768bd39d-8dc0-4530-b017-b3132c7bab21,Simanga Mlimi,simanga.mlimi@yahoo.com,33
3884a196-c409-4adb-8ef8-ebbacc01f25b,Zanele Zondo,zanele.zondo@yahoo.com,56
abc05f1e-2d45-4e2c-9261-4d18eb3fe2a8,Mpilo Rodriguez,mpilo.rodriguez@example.org,66
aa314eea-e3d2-4981-95fd-cdd5303d7dbf,Senzo Brown,senzo.brown@outlook.com,27
69aa95f2-c646-469c-93cb-cc1713d4eb44,Zakhele Miller,zakhele.miller@company.com,33
f74f420c-ef46-4799-b3de-46c32b532ab2,Grace Davis,grace.davis@example.org,18
36cc7d31-7bf0-47e2-b142-9e7423932652,Frank Martinez,frank.martinez@gmail.com,30
dff48ca6-e770-4bab-a7cf-b11de247c3c5,Zanele Zondo,zanele.zondo@gmail.com,49
7f1626a2-61f2-4c23-93a0-4b2cba397522,Grace Rodriguez,grace.rodriguez@yahoo.com,39
18b63072-b53c-4ba6-99db-057d06def5ca,Zanele Miller,zanele.miller@yahoo.com,79
c86eb25a-044b-45b6-99a3-dd4302aee56c,Zanele Mthoko,zanele.mthoko@yahoo.com,26
90d51513-c9ec-4ba7-81d1-4ee0efd19105,Zakhele Miller,zakhele.miller@example.org,31
daa46d22-a3e1-40f8-a6e7-3708e88eb047,Simanga Mthoko,simanga.mthoko@outlook.com,34
bc43dc14-a584-45fe-8fe3-eb750303badb,Charlie Martinez,charlie.martinez@gmail.com,47
13de316f-390c-4d8f-8aa4-02e1a998713b,Senzo Mlimi,senzo.mlimi@yahoo.com,42
c2eab34e-b0e2-45e7-be51-024831e2f1a4,Charlie Brown,charlie.brown@example.org,69
538a442d-b7ee-4b25-8cbb-d9b091875a90,Frank Zondo,frank.zondo@outlook.com,61
417391aa-883e-466e-88f4-13e54ad0c6b7,Simanga Garcia,simanga.garcia@company.com,37
7f4efed9-1d34-4bdb-93d8-039d2ec18238,Grace Garcia,grace.garcia@example.org,25
4a6e2aba-8f7f-4aa2-a1f9-9b6ef68476eb,Charlie Martinez,charlie.martinez@example.org,35
a4daabd3-3d62-42ff-98f1-8a82fb8f1c14,Zanele Miller,zanele.miller@outlook.com,63
4bbe56bc-1f32-4ddd-a0f9-9ee48d11cc3c,Zakhele Martinez,zakhele.martinez@yahoo.com,46
87669dad-6d90-420d-ba3a-4055fd28265f,Grace Martinez,grace.martinez@company.com,68
2ac9a57d-7fc5-445d-946b-22e62eb71ab8,Senzo Brown,senzo.brown@example.org,71
6108b663-5589-4e64-a70e-1f8be2f17a19,Zanele Williams,zanele.williams@gmail.com,51
242fee82-19aa-4c07-9626-e8b3d516af2a,Mpilo Rodriguez,mpilo.rodriguez@gmail.com,22
6578c657-6f53-469c-804e-86cfb682d4e7,Simanga Williams,simanga.williams@yahoo.com,48
3eda2a6c-5937-4d63-945e-f9d590b404e2,Charlie Williams,charlie.williams@example.org,68
5f44a8f9-c30e-4da5-b885-730612ba27e1,Charlie Williams,charlie.williams@example.org,27
d1bcd6e1-d518-470f-b7cc-d9944327d3b6,Zanele Rodriguez,zanele.rodriguez@company.com,51
27a66076-42e9-4142-8b46-b8d0540baed9,Simanga Rodriguez,simanga.rodriguez@gmail.com,25
de75b26e-5187-4f38-ad5c-309eee404c96,Palesa Garcia,palesa.garcia@yahoo.com,68
94b2d9be-3c65-4152-96f9-2feff1fbc7d4,Frank Martinez,frank.martinez@yahoo.com,30
3fe8371c-df57-4f02-ab10-e9617b18102e,Palesa Martinez,palesa.martinez@company.com,63
b2d1d21b-6506-443f-9b0f-8d3eebf171a6,Zanele Brown,zanele.brown@outlook.com,45
dfb1a5bf-45c8-449f-8db1-b2728228646a,Palesa Davis,palesa.davis@company.com,27
e1e836f9-5fa4-49a2-8923-5e1e760e5e97,Zakhele Mlimi,zakhele.mlimi@yahoo.com,38
4aba46f3-49e8-4ed7-ade9-ddc82103efb4,Charlie Garcia,charlie.garcia@outlook.com,44
c0a3e4d0-e81d-4ba4-b7fb-8500700152d2,Frank Zondo,frank.zondo@company.com,66
4ea2225f-aad6-4663-a224-80eb85e4abe4,Zanele Mthoko,zanele.mthoko@example.org,49
3743ebca-bcec-4c36-a829-26a34c645c62,Palesa Williams,palesa.williams@outlook.com,18
46b10380-ba48-4d94-8216-7bb506bb80e1,Zakhele Zondo,zakhele.zondo@outlook.com,61
9d65c341-b0db-4a5f-9d66-078b61395049,Senzo Williams,senzo.williams@outlook.com,35
e578dae9-de3f-4d0f-a578-8898d9b854f6,Palesa Rodriguez,palesa.rodriguez@company.com,61
6bf35122-cb26-4271-a3a1-2c91bbb26fb1,Charlie Mlimi,charlie.mlimi@example.org,63
11cc25ed-4adb-40ca-a9df-1421d251e8d9,Grace Mthoko,grace.mthoko@outlook.com,72
6a99d63c-2858-48d2-97b8-896354f736f2,Charlie Garcia,charlie.garcia@yahoo.com,19
9fca90c5-09ce-4b37-b900-780ffda41edf,Henry Davis,henry.davis@outlook.com,66
d5aa3511-f314-400f-bdf8-e9663c557ab6,Zanele Rodriguez,zanele.rodriguez@company.com,41
0522d717-a6ff-49a1-b7b9-63f4d27263cf,Senzo Williams,senzo.williams@example.org,28
0cd1f126-3e2d-4d5f-9bf3-f51060aefee8,Simanga Davis,simanga.davis@gmail.com,75
b5c67a20-d268-410d-8824-ff0ed3618cbc,Grace Mthoko,grace.mthoko@company.com,55
1a20bf6b-6975-449e-bb04-9d3fbfaf1fc1,Simanga Mlimi,simanga.mlimi@example.org,58
78ea41de-4630-400f-a125-0428c0c9c4e9,Zakhele Brown,zakhele.brown@outlook.com,62
97ccdc3a-b533-4e22-894c-262693879438,Frank Mthoko,frank.mthoko@company.com,35
25d3c6f9-03f3-4814-aba3-9beb7aff1f6b,Grace Miller,grace.miller@gmail.com,34
2d740774-8d9a-4e5a-a8b8-1fb8779baad8,Mpilo Martinez,mpilo.martinez@company.com,44
2717a609-b7c6-4d8a-952a-7832de06fd70,Mpilo Zondo,mpilo.zondo@example.org,75
4a9c16bf-45de-42b8-88e8-b9de340c0cf9,Charlie Rodriguez,charlie.rodriguez@gmail.com,71
721d5a6c-be56-4dbd-b027-277fc67bbb3c,Zanele Brown,zanele.brown@company.com,74
d0140521-2e9b-4aa5-b87e-6e654e0741ec,Charlie Martinez,charlie.martinez@yahoo.com,42
b2e236ae-e14e-4970-8f09-1ab2976207ef,Zanele Zondo,zanele.zondo@company.com,63
095f7ae9-fc42-4206-873a-48452c579964,Zanele Davis,zanele.davis@example.org,36
476da528-6b82-4f41-bfef-e1823c16a84c,Simanga Rodriguez,simanga.rodriguez@company.com,63
85684726-247d-40a5-9eef-da9ced73815f,Charlie Miller,charlie.miller@company.com,72
edcff4bb-c895-45de-84c6-2e457a058d4d,Charlie Williams,charlie.williams@yahoo.com,31
e2b15c83-32b6-4090-b0f0-38b55f034607,Zanele Martinez,zanele.martinez@yahoo.com,28
6cd23ae0-7cec-49da-9f07-d9330ce3b850,Henry Rodriguez,henry.rodriguez@yahoo.com,60
2967db91-7271-4ddc-9f1e-89284f5ad42b,Mpilo Davis,mpilo.davis@example.org,67
14ceda73-a967-4791-aa39-d0be1aab346f,Frank Rodriguez,frank.rodriguez@gmail.com,71
2eed1cbc-4458-4e3b-9e9a-4601ed96fb82,Zakhele Mlimi,zakhele.mlimi@outlook.com,69
1b834884-4fa1-4c3e-b43c-80cabbd2a65c,Senzo Martinez,senzo.martinez@company.com,22
6b1774ed-141e-4d3d-bb09-57cb93f137ae,Frank Brown,frank.brown@company.com,73
9b6ef370-6f70-4b70-bec0-3a887d19b267,Frank Mlimi,frank.mlimi@yahoo.com,21
9f20e699-59ab-4100-ba70-c627cf92057b,Grace Mlimi,grace.mlimi@example.org,21
60b7e0a7-0621-41c0-a2d1-1a56cd4164a4,Mpilo Miller,mpilo.miller@company.com,38
d753b4e9-006c-4747-912d-eb91201d2888,Simanga Rodriguez,simanga.rodriguez@yahoo.com,36
9cbdb6aa-5bea-4d1c-8272-27839855b3d4,Henry Brown,henry.brown@gmail.com,18
fb7aa977-24b1-41d1-94c7-b14b404926e3,Henry Miller,henry.miller@gmail.com,37
b02e3609-764b-4c6a-aaf8-a288c8efce4e,Zanele Mlimi,zanele.mlimi@yahoo.com,25
f88866f3-75ed-4e18-b4d9-7abc8c1504b8,Charlie Williams,charlie.williams@example.org,74
9b728237-4f67-4946-b8fd-eef8caa71a81,Grace Mthoko,grace.mthoko@example.org,47
c64127e0-d7c1-4dd0-bbdf-c409b1ca9f2c,Simanga Martinez,simanga.martinez@outlook.com,27
3be80ccd-e249-46fa-8b43-550a50e633b6,Zanele Mlimi,zanele.mlimi@yahoo.com,36
b4fbf37a-7e2e-4ede-8319-addf36d6a06a,Frank Brown,frank.brown@gmail.com,59
ccab53a7-6f7d-493b-8fe4-71b6dd2b37f0,Mpilo Rodriguez,mpilo.rodriguez@example.org,79
77186ea6-dafb-4405-8536-dada51d2a5fc,Zakhele Williams,zakhele.williams@outlook.com,33
38794b4c-cb45-450c-b834-c266dcb349a7,Mpilo Mthoko,mpilo.mthoko@yahoo.com,44
d3467747-20f7-4347-a71f-8d925807d0f7,Zanele Brown,zanele.brown@outlook.com,44
f6793fb6-9948-4a97-b60e-07f2f058a919,Mpilo Miller,mpilo.miller@example.org,47
ad8a0d81-b661-4b01-9846-c2a8f015efe1,Frank Davis,frank.davis@example.org,37
32cdef4d-25d7-4def-814f-192dde576a50,Charlie Martinez,charlie.martinez@gmail.com,61
8741bd52-23d0-4984-af30-4f475ca5d3c3,Grace Zondo,grace.zondo@gmail.com,35
cedc3cce-a665-4383-ab33-8b6734cbd822,Senzo Mthoko,senzo.mthoko@yahoo.com,46
7efb53ca-3905-4801-be6c-d4a53d2b99db,Zanele Brown,zanele.brown@yahoo.com,71
615011e4-0919-46d1-ad0f-b64527c0f0f9,Charlie Martinez,charlie.martinez@company.com,25
b522573d-59ad-4b86-9524-ae8bb611e93b,Simanga Brown,simanga.brown@example.org,41
5088c18d-aaf8-4a73-a49e-dcd3b3c059fb,Mpilo Brown,mpilo.brown@gmail.com,65
211db307-19ac-4abe-b243-d8d1628d9835,Charlie Brown,charlie.brown@example.org,58
c0973b0c-1703-43e0-88a5-17109bc6d3a7,Senzo Rodriguez,senzo.rodriguez@yahoo.com,23
b916992a-6295-4446-a45a-32061b17f9a1,Zanele Mthoko,zanele.mthoko@company.com,55
d3a9e81b-ab86-43cf-bfcd-0e4cf110ee43,Zanele Garcia,zanele.garcia@yahoo.com,41
14a3a2a2-9e04-48d9-aeff-19d701700b29,Zakhele Miller,zakhele.miller@example.org,63
b52ed0b3-662c-47ba-bdef-2abdb4f5be2d,Charlie Mlimi,charlie.mlimi@example.org,27
e91c0478-d875-4d51-adbe-57d4fb9a06c3,Frank Williams,frank.williams@yahoo.com,30
dfeb89c6-4547-498b-8df6-669486dccb1c,Charlie Williams,charlie.williams@example.org,28
d93e6d65-73fc-4713-b594-10099165d1d9,Frank Miller,frank.miller@yahoo.com,40
7e5162f9-3b6a-450b-a3ba-7e10a3ad175b,Mpilo Brown,mpilo.brown@example.org,21
bff71f33-5547-4983-b758-686740f47b80,Henry Martinez,henry.martinez@yahoo.com,56
73b1b984-aef2-48e1-9038-4d668933673c,Palesa Mthoko,palesa.mthoko@yahoo.com,70
646d68ca-4507-4bb5-b606-9ebd86b5747b,Simanga Mlimi,simanga.mlimi@example.org,49
1d2c5c45-fe2e-40dd-aed3-44204cf9214d,Zakhele Martinez,zakhele.martinez@example.org,66
06659f14-9291-427e-bb2f-e14ee07dc638,Zanele Zondo,zanele.zondo@company.com,55
e832dfd8-5c4e-4ad9-a63c-5045ac54455f,Mpilo Mthoko,mpilo.mthoko@gmail.com,41
ec0c97bc-0f85-4adc-9dce-122cfa484bd2,Zakhele Williams,zakhele.williams@example.org,33
bda03b9a-f6c5-42f4-8cc4-05e7559cc699,Zakhele Davis,zakhele.davis@outlook.com,70
f677a470-98ad-4626-97e6-a980bafaf8fe,Mpilo Miller,mpilo.miller@gmail.com,54
7ae0c1f5-f3c2-4fb2-a98b-2d1d5150f999,Grace Martinez,grace.martinez@outlook.com,22
79be0630-938f-408d-a90b-be2b2fc38475,Grace Mthoko,grace.mthoko@yahoo.com,22
9cdb29a6-af53-413b-ac33-baeedf575698,Palesa Miller,palesa.miller@example.org,71
8e20239d-84a2-4d8f-b3b9-caf98618f9d9,Mpilo Brown,mpilo.brown@gmail.com,56
81b2901b-1c03-4c42-9c0f-4ed9ed51e0ff,Charlie Martinez,charlie.martinez@outlook.com,70
d9438498-cdbc-4ca9-9192-8156a4d006be,Zakhele Garcia,zakhele.garcia@gmail.com,46
5af59ac4-9e07-4b6b-be2e-f80f7f81cc89,Palesa Williams,palesa.williams@yahoo.com,41
08159e9a-fb72-47d3-b554-98b4df147d4e,Senzo Brown,senzo.brown@yahoo.com,49
39f53423-86b5-44b8-bcf2-1718500dd80e,Simanga Brown,simanga.brown@yahoo.com,54
87c98743-671b-4d6b-8b06-448d9d322336,Grace Rodriguez,grace.rodriguez@yahoo.com,20
89d16c6c-9bb9-4463-9744-2bda62faef21,Henry Davis,henry.davis@example.org,73
86ee4775-7921-4cff-828b-f5cb7d1b3ea1,Simanga Davis,simanga.davis@yahoo.com,38
8dd2c7eb-833d-4ffa-ade2-633e83821d09,Senzo Mlimi,senzo.mlimi@company.com,32
d567faa6-7636-477b-8c0a-ddd821f6448c,Zanele Davis,zanele.davis@outlook.com,79
d713e9ee-4b5d-41f0-b977-053649c7fb21,Mpilo Garcia,mpilo.garcia@company.com,29
6c5800a9-447f-4362-870b-696940f1bd9a,Palesa Williams,palesa.williams@gmail.com,50
97bec32f-b014-4ad5-9741-d42fdaea4c77,Henry Zondo,henry.zondo@example.org,27
19905a22-6a15-4de5-8ccf-c8370b07e67b,Henry Zondo,henry.zondo@company.com,54
1de8ef56-00be-47eb-9160-aca6909331b4,Frank Zondo,frank.zondo@example.org,77
429baf0f-04b2-46b9-9fc5-ebbfcf08bbf3,Simanga Davis,simanga.davis@yahoo.com,58
ddde4b7c-2d54-4ef9-946d-c2ce84ccc81c,Zanele Williams,zanele.williams@company.com,33
5eff46dc-723e-4ed0-8ca6-88443a437572,Mpilo Mthoko,mpilo.mthoko@gmail.com,67
df7e85c2-be1c-4dfd-b6a6-c49308d76443,Senzo Rodriguez,senzo.rodriguez@gmail.com,79
c4969402-dca7-4f62-8b39-8a3cc4669b89,Zakhele Garcia,zakhele.garcia@outlook.com,39
f3a70684-2a6a-490f-ad83-09876ca51fdd,Senzo Zondo,senzo.zondo@example.org,43
afbf5da4-4d7d-41c1-b750-a323cf91059f,Simanga Zondo,simanga.zondo@example.org,31
94b4f8f4-0c62-481d-98f1-df9e7e78ec0f,Charlie Zondo,charlie.zondo@example.org,48
182cd7d1-910d-4b0c-aa2c-4d0a1bae75b6,Senzo Garcia,senzo.garcia@yahoo.com,51
0cca25da-5867-4c6e-a5ab-f993ba00fed7,Palesa Mthoko,palesa.mthoko@example.org,49
cd818563-0ac4-431c-bc18-2217620991b5,Mpilo Brown,mpilo.brown@gmail.com,58
d1b44c38-4aec-4b3c-bb4b-5db691e0177b,Zanele Mthoko,zanele.mthoko@outlook.com,42
56c00cac-d917-4a69-be73-88ff72317e73,Zakhele Brown,zakhele.brown@yahoo.com,61
3a01cc17-b3e2-4214-a8a0-03a3198ee2f8,Zakhele Rodriguez,zakhele.rodriguez@company.com,59
cd21782e-88e5-4aa5-8064-76981b099370,Palesa Miller,palesa.miller@gmail.com,60
b8532fc1-c448-4b6e-aa3f-bec64f3ea552,Frank Rodriguez,frank.rodriguez@outlook.com,68
e9cae42f-df48-4564-801e-b9de894807ee,Mpilo Mlimi,mpilo.mlimi@gmail.com,43
f92dfaa5-ae4d-456e-8fdc-6e0b8b270a4c,Zakhele Mlimi,zakhele.mlimi@yahoo.com,63
76ea05ed-3409-4935-8e0c-8ed9099d8ce8,Grace Garcia,grace.garcia@company.com,70
fcba1dd4-0830-42ef-9f41-cc1fd3a4a163,Grace Mthoko,grace.mthoko@yahoo.com,36
1d0aee69-5fe7-4d18-8311-c76c9a13185e,Simanga Zondo,simanga.zondo@company.com,49
b40e6788-2aa5-4820-8f2c-767406522d3d,Simanga Rodriguez,simanga.rodriguez@outlook.com,74
875b78b1-aa4d-4af1-bbf0-8180d06fc355,Palesa Zondo,palesa.zondo@outlook.com,72
b57f09e7-d806-4b4e-b258-4eb84eb6ddf7,Simanga Mthoko,simanga.mthoko@outlook.com,21
87eb1f00-efd3-4b82-a820-a143b589aca0,Zakhele Garcia,zakhele.garcia@yahoo.com,51
af3edfb3-bf2c-4f44-b06f-23430034b2ee,Mpilo Miller,mpilo.miller@yahoo.com,28
70dfa7da-2634-461c-a717-58b84ecc6648,Zanele Miller,zanele.miller@outlook.com,45
fd1d957b-21de-4bd5-99c0-f56296282cee,Henry Davis,henry.davis@outlook.com,62
33002a00-ed97-4fca-943b-e9a13b0c61ae,Mpilo Zondo,mpilo.zondo@yahoo.com,47
c1537eff-a025-4cb0-9440-b7d76cf11379,Zanele Rodriguez,zanele.rodriguez@outlook.com,80
a88e5ced-6bb4-4544-9423-edc980198d36,Palesa Martinez,palesa.martinez@company.com,45
36896622-960f-41ec-a19e-fc40ca3fc750,Charlie Davis,charlie.davis@outlook.com,41
9efc15a2-58af-448b-9e12-295ab3c1a6bb,Charlie Davis,charlie.davis@gmail.com,79
7d724691-929c-4dc0-8fa9-a741d2ac7320,Simanga Mthoko,simanga.mthoko@outlook.com,63
8008c7cc-d845-410f-9974-3a64f7c8b155,Frank Garcia,frank.garcia@gmail.com,54
0ab624db-b773-425a-9350-dc656935131b,Frank Rodriguez,frank.rodriguez@outlook.com,24
36248703-6a4e-4dbf-96f3-7087395e49cb,Charlie Mlimi,charlie.mlimi@yahoo.com,48
4eb6b01b-008d-4e35-bb20-4321fc93380b,Mpilo Mthoko,mpilo.mthoko@yahoo.com,23
d8bd1ade-905d-4866-ae34-96834a4a6b15,Simanga Martinez,simanga.martinez@yahoo.com,29
0e8fb65d-e980-444d-bab3-c4efd6ba6abe,Senzo Mlimi,senzo.mlimi@yahoo.com,50
8dc39ff1-fcda-4008-9bac-11da2958039a,Grace Brown,grace.brown@gmail.com,65
a9beaf51-f201-41e9-b7b6-a874be40be5b,Palesa Miller,palesa.miller@company.com,20
bf7a140d-4dc0-4ffd-9fa3-e3d87427fa07,Zanele Martinez,zanele.martinez@gmail.com,69
56dc439d-0ee8-4a6b-967c-77fe796c4427,Grace Zondo,grace.zondo@yahoo.com,38
3484df44-35bb-4911-a30a-f30934fed0e7,Zakhele Rodriguez,zakhele.rodriguez@example.org,63
9d6ea1ba-f96a-4a66-9509-21db3f646e36,Mpilo Williams,mpilo.williams@example.org,77
1e323c4f-9669-4e29-9d98-e77284b87b94,Simanga Mthoko,simanga.mthoko@yahoo.com,59
0d93123e-ae9d-40cb-8027-9401d3cff3c7,Zakhele Garcia,zakhele.garcia@yahoo.com,37
a2503c93-8cc0-46fb-bcf8-53936319e169,Palesa Davis,palesa.davis@outlook.com,44
d32f2da2-7d62-4ed8-b6f7-6aa92769eb29,Grace Davis,grace.davis@gmail.com,47
44348aea-a76c-4288-a657-023d3f1be4cf,Frank Brown,frank.brown@company.com,34
c02930e5-54d1-4a46-b677-002c6cdc741e,Henry Garcia,henry.garcia@example.org,28
6e0ba506-3190-4b91-8e38-6258c7aa7446,Charlie Davis,charlie.davis@company.com,28
439c0f3b-a94b-4851-9661-415f87bd6b13,Frank Davis,frank.davis@company.com,75
c8b60439-58a2-48e8-a91b-8986d080e82e,Grace Garcia,grace.garcia@outlook.com,24
ebd76c50-f388-46ec-ae66-2d025d8c6994,Grace Miller,grace.miller@yahoo.com,58
53b66a6a-ecf8-4fda-a93e-8d5534621a63,Mpilo Mlimi,mpilo.mlimi@example.org,80
463e110c-761b-422f-90b0-300deaea0189,Charlie Mlimi,charlie.mlimi@yahoo.com,25
3837fbfb-7357-4691-8518-d4880f2810b9,Henry Mthoko,henry.mthoko@outlook.com,59
e22725c3-c7bd-4897-b90c-4a2b5229055f,Mpilo Williams,mpilo.williams@gmail.com,25
b56a1448-f321-4be2-872e-0ab51a245753,Frank Mthoko,frank.mthoko@outlook.com,55
8cd891a7-f295-442a-b834-008b67a09e1f,Mpilo Williams,mpilo.williams@yahoo.com,25
77bb6336-f125-4490-bfcf-8b419368fc63,Grace Martinez,grace.martinez@example.org,39
b9d0c933-0f38-45ed-9613-90cc24d27e1b,Zakhele Garcia,zakhele.garcia@example.org,43
3eb65b1f-89b8-444a-adb3-c5a68398dfc7,Henry Miller,henry.miller@gmail.com,38
dc73be49-6bd8-49cd-b2a9-705e909647f0,Palesa Miller,palesa.miller@example.org,63
42de1fc3-b855-48c6-adab-c963877214f3,Charlie Brown,charlie.brown@company.com,21
7e9f1e92-e43c-4697-a927-86ac01bd1220,Charlie Zondo,charlie.zondo@gmail.com,43
197fb45f-bacc-418b-80c9-8297a663c943,Senzo Mlimi,senzo.mlimi@example.org,45
f9e75d34-4d1a-4a47-9739-580d83188363,Grace Mthoko,grace.mthoko@company.com,56
eca2e979-9fe0-487c-9bbe-880659021830,Zakhele Davis,zakhele.davis@example.org,32
812eac17-4825-43f5-83c9-d64fb0a20e35,Frank Brown,frank.brown@company.com,68
16147933-47bc-4967-959f-1f482dfd9fea,Zanele Rodriguez,zanele.rodriguez@yahoo.com,22
0b7fb6e4-f020-417a-a09a-1f8da54f40f7,Zanele Rodriguez,zanele.rodriguez@example.org,58
f2908307-ee1a-4cd5-ab5a-ebb5e3cbb149,Grace Davis,grace.davis@outlook.com,78
b7b2159a-fc38-4162-9db0-7a061f674cee,Senzo Rodriguez,senzo.rodriguez@example.org,77
f1736e46-241f-4172-84ad-e8fd189531c5,Mpilo Garcia,mpilo.garcia@yahoo.com,33
7bab741d-c0d1-4465-8065-8451c88db924,Grace Brown,grace.brown@example.org,19
18daf911-4d9a-41d9-99e3-76303bf7d3c0,Zakhele Rodriguez,zakhele.rodriguez@example.org,32
2c63b5e3-e564-40df-9433-d8bdff7533f1,Grace Zondo,grace.zondo@company.com,42
8bdaffc8-32c7-4b47-b94c-1747028d507c,Zakhele Davis,zakhele.davis@yahoo.com,45
7396bfc8-7c72-45cf-9c71-955018fca206,Zakhele Rodriguez,zakhele.rodriguez@yahoo.com,44
03ec46f4-fe09-4109-a1db-e0f37363e64e,Frank Rodriguez,frank.rodriguez@company.com,18
fc8b1513-1880-40da-aa81-e41167294a08,Palesa Zondo,palesa.zondo@company.com,22
d5bbcf2c-eb90-463f-a180-40f19013217a,Zakhele Rodriguez,zakhele.rodriguez@outlook.com,32
f088780a-0b6e-422d-8afd-dd745c4f9036,Senzo Brown,senzo.brown@company.com,31
0ab20c97-ac11-4108-baa1-95e16072958b,Simanga Williams,simanga.williams@company.com,71
9f5eb532-4cb6-4b57-ac5a-cedca3b5d738,Simanga Garcia,simanga.garcia@gmail.com,72
b3515b8f-3e97-4ef5-8edb-5c8909e9a8b3,Grace Williams,grace.williams@company.com,59
c5316a2e-3e80-4dc7-b569-e90985c4af31,Mpilo Garcia,mpilo.garcia@gmail.com,43
c35856e1-117c-4ab6-9960-d4072a1df961,Senzo Davis,senzo.davis@gmail.com,68
0eea4179-a35d-47cd-8884-0ae08b9c370e,Simanga Davis,simanga.davis@company.com,56
12704222-d559-45a3-9474-63537b1a4fb4,Senzo Rodriguez,senzo.rodriguez@gmail.com,77
3919de48-e3fc-4e8c-9882-ab447210c311,Palesa Brown,palesa.brown@gmail.com,28
773210d6-db8d-4711-b649-e10c601cf960,Zanele Zondo,zanele.zondo@company.com,45
577e69a7-e437-419c-be5b-6b21af4bc15e,Palesa Martinez,palesa.martinez@example.org,26
7cc7aa25-c277-413c-8c14-7a5025156220,Frank Garcia,frank.garcia@outlook.com,32
c23818ce-ece3-4363-b441-76721d48ce15,Mpilo Garcia,mpilo.garcia@company.com,37
41b94479-9c59-4dd5-8848-fa119147fd88,Charlie Mthoko,charlie.mthoko@outlook.com,74
ebfbe1bc-797c-4417-bdd8-dde95c07738f,Mpilo Mlimi,mpilo.mlimi@example.org,68
4a535c7c-e14a-4820-acfb-d17cef0f96db,Senzo Rodriguez,senzo.rodriguez@example.org,56
234587eb-d8f9-4410-9139-62f2ec825d54,Henry Mthoko,henry.mthoko@outlook.com,25
3c8a34be-24b3-45a9-b11a-64ec5952b3b1,Simanga Rodriguez,simanga.rodriguez@outlook.com,62
90e0d349-a0ef-49c7-9f44-cbd7900eed2c,Zakhele Mthoko,zakhele.mthoko@example.org,32
ac297b0f-766e-4e71-8633-470ffbe38625,Henry Brown,henry.brown@company.com,51
bb4c7737-99e7-49aa-bf9d-bae1a862e31a,Frank Brown,frank.brown@example.org,73
1379014d-728d-49d9-8bd6-f478861e178c,Mpilo Mlimi,mpilo.mlimi@example.org,34
8dc6e82b-34b7-44cb-acae-ed7d7296539e,Grace Williams,grace.williams@company.com,57
028efae1-05b6-40b8-aa24-fdb24cc8222c,Senzo Williams,senzo.williams@gmail.com,32
08967318-e6d0-48b4-b437-f18de6c7eac9,Grace Zondo,grace.zondo@gmail.com,78
a8e7f68b-586d-436d-9371-58633325c74e,Grace Mlimi,grace.mlimi@outlook.com,70
cecd24ff-085e-4088-8a7d-f34c06b48591,Simanga Mthoko,simanga.mthoko@gmail.com,23
1e2f95f2-885b-41b6-b58a-969fbaf1ae62,Grace Martinez,grace.martinez@outlook.com,59
45291149-09ab-4086-8f69-42c89cdc0c09,Simanga Garcia,simanga.garcia@company.com,76
32c1ba83-8a6c-4b1a-a5c6-25a0875bde25,Palesa Garcia,palesa.garcia@yahoo.com,18
3a3764e9-d69c-4532-9106-dfcb0517ad7a,Frank Zondo,frank.zondo@outlook.com,42
9be17437-7939-428d-956d-126a951292d5,Charlie Williams,charlie.williams@company.com,69
6bff3fdc-bf62-440b-bb03-256e9f4ef79f,Charlie Williams,charlie.williams@example.org,22
521973b0-4d2d-4df1-9476-cd121595ba54,Charlie Rodriguez,charlie.rodriguez@company.com,62
a9054f55-e08c-4588-a17d-818e1540d903,Zakhele Mlimi,zakhele.mlimi@example.org,72
c92cf0f9-7412-4cd3-a14f-9c0d2d9cc7aa,Mpilo Garcia,mpilo.garcia@yahoo.com,47
45994657-db13-4ea7-a021-5b414906f26c,Grace Zondo,grace.zondo@gmail.com,35
617f10e4-be8f-411b-a8cd-e467d5038773,Charlie Zondo,charlie.zondo@company.com,75
d58e135d-bbc2-4247-8e18-e0bc9c907f16,Charlie Zondo,charlie.zondo@gmail.com,62
bfe45d56-e493-4b86-b39c-659e61b06ad0,Simanga Miller,simanga.miller@outlook.com,25
5a293ed4-92de-48c8-9b81-aed2cade6753,Charlie Mthoko,charlie.mthoko@example.org,22
da3783f8-f606-4601-87f3-bea833a0d754,Grace Mthoko,grace.mthoko@gmail.com,18
dcc527ca-f88a-4692-a68f-e0151a4a9dfa,Senzo Davis,senzo.davis@yahoo.com,36
48cdf389-c491-48be-9df0-17bd77881605,Frank Zondo,frank.zondo@company.com,79
89503132-9f28-4966-849a-351d14dd6fe9,Mpilo Mthoko,mpilo.mthoko@gmail.com,58
04914e47-17c2-409e-a3a0-989be6d5abab,Henry Brown,henry.brown@example.org,59
20dba8bd-eaa3-4162-bf80-5f37efef78e7,Palesa Martinez,palesa.martinez@yahoo.com,30
c6aff619-d379-4994-a4d3-39dcbe36b16c,Zanele Rodriguez,zanele.rodriguez@yahoo.com,51
80cb5fe1-eca8-4a10-a460-85c66e519782,Simanga Williams,simanga.williams@gmail.com,24
875f7aa2-cf33-4f82-b02b-71a1ba894228,Charlie Martinez,charlie.martinez@gmail.com,54
7070f7a8-ecc9-483c-a8fc-f5dce19eb7c8,Frank Davis,frank.davis@example.org,42
ee2c0f8d-5817-412a-9be4-6e2c2470d92d,Mpilo Davis,mpilo.davis@company.com,77
ce88f90c-a795-4496-b632-abab177f0bc7,Senzo Miller,senzo.miller@example.org,53
058bcee5-3d1a-489e-931d-1a8d611c9dc6,Zanele Martinez,zanele.martinez@yahoo.com,59
299255c1-d6ea-4138-be5c-1d8aaeae4f2c,Zanele Davis,zanele.davis@outlook.com,66
62476bc1-dbfb-417a-aea3-3f95cb6c7585,Zanele Mthoko,zanele.mthoko@company.com,64
91956796-d0c5-42ad-9069-efd251374eec,Senzo Williams,senzo.williams@outlook.com,45
4597dc45-5d97-431f-a9d0-f0df35258830,Zanele Williams,zanele.williams@company.com,75
500e02cd-036a-4d27-8a37-7774599befc0,Simanga Brown,simanga.brown@gmail.com,63
a6516435-ee11-45ed-97cc-3547cae04239,Palesa Martinez,palesa.martinez@example.org,27
12a69947-2257-47bd-9d09-a2465f1d9c85,Henry Mlimi,henry.mlimi@yahoo.com,20
eb291bd0-f9af-426f-8d42-3a2b28b4f5c8,Charlie Mlimi,charlie.mlimi@example.org,74
3ee33eea-77a1-47b8-9728-69803c021308,Charlie Brown,charlie.brown@gmail.com,23
017536ed-008c-442f-a894-14f7d37dda57,Frank Mthoko,frank.mthoko@company.com,73
336b93d9-78e3-4224-84d1-f78b22a8fb9d,Zanele Williams,zanele.williams@example.org,20
5ee4e400-19f8-4eb7-bc5b-2ece273dacbd,Henry Brown,henry.brown@example.org,24
69fdc223-123c-4dcd-afab-06a777cb286b,Frank Rodriguez,frank.rodriguez@yahoo.com,46
664c7810-00b3-457f-9a7d-9052fc34beec,Senzo Rodriguez,senzo.rodriguez@outlook.com,23
563e700e-ff24-4ee0-bd05-7f1dc6bc1683,Simanga Williams,simanga.williams@example.org,79
ce6267b8-b491-43d7-b3b6-aa7ea5bcbe5a,Mpilo Brown,mpilo.brown@company.com,36
be3d5398-23a0-4a5c-b840-4c15dad47a9e,Simanga Williams,simanga.williams@outlook.com,31
ce0db2b7-8637-45fd-a270-eaaf3fde5a05,Zanele Rodriguez,zanele.rodriguez@company.com,38
d7aad486-7e60-48c3-9853-e43666f6f7eb,Zanele Martinez,zanele.martinez@yahoo.com,59
0835e542-8c50-410c-82ca-310bce8f9d24,Zakhele Rodriguez,zakhele.rodriguez@yahoo.com,29
34a04ca8-bbbe-4c93-9e26-10b897d5c884,Palesa Williams,palesa.williams@example.org,44
4cb898d4-f9af-4481-8632-ca7f5b6a8f53,Charlie Rodriguez,charlie.rodriguez@company.com,30
e01d4a6a-4193-4256-a4db-cb8b59c85b9a,Zakhele Miller,zakhele.miller@example.org,79
606feb97-b358-4ba8-9818-5733e8ad0f2a,Frank Garcia,frank.garcia@company.com,39
94d64376-67b1-4772-8bf7-98ccad058201,Frank Mthoko,frank.mthoko@yahoo.com,53
263b08b7-5362-4740-841a-0094997021c1,Henry Davis,henry.davis@company.com,44
67f2f5a3-db0a-45e2-8411-daf219accc0a,Zanele Garcia,zanele.garcia@company.com,65
803f2b3b-be67-40f0-836d-a42b6f3f684d,Charlie Garcia,charlie.garcia@gmail.com,70
498b9aa0-d9b3-43c6-b277-d5f8af0050e1,Zanele Martinez,zanele.martinez@company.com,38
48dc9543-bb2f-423b-a71f-15437fc2db7d,Charlie Mlimi,charlie.mlimi@company.com,59
5013b384-945d-4746-83cd-0d4893b7012c,Simanga Zondo,simanga.zondo@company.com,21
2b80eb81-06a2-451b-a713-27a63dd74527,Zanele Mthoko,zanele.mthoko@outlook.com,63
f3e00d88-1937-49d6-8b95-8ee2a9639bc0,Simanga Williams,simanga.williams@company.com,56
86736dbd-3410-4570-b242-16c621b33fac,Charlie Davis,charlie.davis@outlook.com,60
75372720-d13e-4748-8294-9ca22b37c96c,Simanga Garcia,simanga.garcia@yahoo.com,74
67d2e0d8-81cd-4a8f-a3ba-dc61c460055a,Senzo Zondo,senzo.zondo@yahoo.com,48
eb498330-15bf-4918-85ca-ae5ed3bea5d2,Frank Mlimi,frank.mlimi@gmail.com,44
632d68d6-d22f-492f-bde1-eedda1c3d583,Senzo Garcia,senzo.garcia@company.com,74
004c02b1-6317-4bc4-b857-668da891ab83,Simanga Miller,simanga.miller@company.com,56
454207af-3e32-4bb0-b896-900e46edb122,Zanele Mlimi,zanele.mlimi@yahoo.com,47
eb78e999-5418-44e9-bc4c-c9fb357ac6f9,Frank Garcia,frank.garcia@yahoo.com,21
e978d3e0-9b78-488b-9c50-daa92c725e05,Grace Davis,grace.davis@example.org,47
4eda36be-6861-44eb-9d49-aa1e30eac101,Charlie Zondo,charlie.zondo@outlook.com,26
1a00ca0a-225e-4128-91e2-288c93eb4db1,Simanga Rodriguez,simanga.rodriguez@yahoo.com,36
7e57aab5-0999-4050-b25b-19f3896a9e88,Zanele Garcia,zanele.garcia@outlook.com,68
37dcfa82-cf99-43ae-9016-aece8226c868,Senzo Zondo,senzo.zondo@company.com,53
8837257f-a8a5-452a-95d1-b43fef6503b4,Henry Martinez,henry.martinez@outlook.com,46
6261d906-76fd-4f31-a846-d68fbd86e624,Zanele Garcia,zanele.garcia@company.com,36
d2ba105b-da3c-4a45-875b-c0371b39c94e,Palesa Miller,palesa.miller@yahoo.com,31
4badd306-bfa9-4b1f-b4aa-402542b6e1b5,Senzo Williams,senzo.williams@gmail.com,37
b03d1455-88e0-4084-be41-5d57f48fbc86,Mpilo Garcia,mpilo.garcia@outlook.com,75
855b35b3-77ea-474b-95b7-f794be951473,Senzo Martinez,senzo.martinez@example.org,69
3a45107c-59e3-4640-a6d3-08ab9cb12177,Palesa Martinez,palesa.martinez@company.com,27
7511facd-c783-48a2-ae5d-502ff94fb88c,Henry Zondo,henry.zondo@yahoo.com,76
53ce7a1e-10eb-48e9-825e-753061f7f99f,Mpilo Williams,mpilo.williams@yahoo.com,55
7cf97b73-d79e-43d9-8786-c9c7483e9d35,Henry Zondo,henry.zondo@example.org,20
007d1f17-7b36-4d73-8f8f-4c1e0227345c,Frank Davis,frank.davis@example.org,28
6e21a677-d71a-40c4-8599-6c6d98111e72,Simanga Miller,simanga.miller@yahoo.com,31
280b854f-b9c6-4ad6-ae76-0d5813d73c19,Charlie Zondo,charlie.zondo@gmail.com,32
ec6014c7-1047-4f76-9c79-145cede1ecc6,Palesa Mlimi,palesa.mlimi@yahoo.com,52
e5e1bf27-88ac-4d6a-b8ab-bdf6aa40c462,Frank Brown,frank.brown@yahoo.com,36
f016aa81-d2c8-4869-b70b-613d65d5f8a7,Henry Williams,henry.williams@outlook.com,38
9196ad68-d051-4f46-a5d7-4081f6d6f103,Palesa Mlimi,palesa.mlimi@yahoo.com,76
5dd1ad3c-5f23-4115-827d-3417c807c7aa,Zakhele Brown,zakhele.brown@company.com,42
27e2dd68-e3bb-4164-b2f3-8e69a9b6dce7,Charlie Miller,charlie.miller@outlook.com,35
c2ff7b49-369b-48ed-9d0e-42fbf955b3f6,Zanele Brown,zanele.brown@example.org,46
deddac85-4768-400d-ba04-30dd92ddeecf,Grace Brown,grace.brown@gmail.com,80
6b481695-b736-416c-9797-49d90e69c7b4,Henry Mthoko,henry.mthoko@yahoo.com,69
c412425b-fedb-49e4-8fae-c3f1bab1bb7b,Palesa Martinez,palesa.martinez@gmail.com,80
168a9a36-6067-476f-9f8c-ee11482c9a43,Mpilo Garcia,mpilo.garcia@company.com,61
fb4ca651-b57d-4b77-a2ea-fd699c716f1b,Simanga Zondo,simanga.zondo@outlook.com,60
b8daac0d-a5dc-4f59-8c0c-39f7352a686e,Frank Rodriguez,frank.rodriguez@company.com,20
ee4319a5-2f86-499b-9f85-019fb7cf3e0e,Frank Miller,frank.miller@gmail.com,19
9f80ce4e-a735-4cad-b3df-552b39711461,Grace Davis,grace.davis@gmail.com,18
96108212-f780-4da2-9cd5-8b90a4575945,Charlie Brown,charlie.brown@yahoo.com,40
d67fe1be-3583-48fc-84c4-3fb07cbf9598,Grace Rodriguez,grace.rodriguez@example.org,18
5bb96a2e-831a-4853-9708-23af74e5a57c,Senzo Brown,senzo.brown@company.com,58
71784d96-b4c8-4bc1-9f4e-686ad7a717ec,Palesa Martinez,palesa.martinez@outlook.com,40
714047ab-2c15-416c-a30d-2d4629729380,Frank Rodriguez,frank.rodriguez@example.org,31
e36d8337-f507-44fe-baea-7b9ea64a0722,Frank Williams,frank.williams@company.com,29
598c7088-6cb6-41d9-93e0-923221b6d05a,Zanele Miller,zanele.miller@company.com,79
08882d34-6f50-4667-928d-ea80b85dcc18,Grace Rodriguez,grace.rodriguez@gmail.com,52
60c7222b-1583-4e3b-83c0-01b8b637f817,Grace Rodriguez,grace.rodriguez@outlook.com,56
a3d40823-f09a-4c77-bc29-4285365c8918,Frank Rodriguez,frank.rodriguez@outlook.com,45
8318199c-f725-4485-8d84-23e1d9169a7e,Mpilo Brown,mpilo.brown@yahoo.com,71
7ffd133d-cbae-4ee2-9de6-8432e9030dbe,Mpilo Mthoko,mpilo.mthoko@example.org,26
9ae4c171-cf57-4b77-b85e-6972cdba28e0,Mpilo Williams,mpilo.williams@company.com,63
470cca2f-7521-4154-aef0-3442e6335500,Henry Miller,henry.miller@gmail.com,75
1dfaf8e1-46c6-4fdf-ad31-871c5308ebbf,Henry Martinez,henry.martinez@yahoo.com,42
67544dc6-25c7-41ae-8062-03156729009c,Henry Brown,henry.brown@gmail.com,47
d2fac701-a88d-4ce2-a2a0-bf323ca46af0,Grace Brown,grace.brown@gmail.com,23
d9a4b922-32ea-4e80-bf4c-ff521a07de07,Frank Mlimi,frank.mlimi@company.com,76
743c350a-a918-4e0d-a90f-01af557232ff,Henry Rodriguez,henry.rodriguez@outlook.com,49
38b5edf8-4717-48c5-831b-a0d8015e1337,Henry Williams,henry.williams@yahoo.com,48
44cfe68b-7df3-41c1-b01f-34827dc41425,Frank Mthoko,frank.mthoko@company.com,29
99005115-427b-43af-8766-e8a1bad4040c,Grace Mthoko,grace.mthoko@gmail.com,76
756572e4-d8e5-4a45-83af-a9ddc8295d6a,Mpilo Garcia,mpilo.garcia@gmail.com,37
d8e0bbdd-fee3-4e6a-be5c-e604527499a4,Senzo Brown,senzo.brown@company.com,20
e57fa248-998c-4354-8cfa-8052699d319a,Frank Mlimi,frank.mlimi@outlook.com,79
c2f919f5-9367-4eeb-a03d-72885e9d4bde,Palesa Martinez,palesa.martinez@gmail.com,67
c281e40d-730f-4c0f-acdc-2a35d418dff3,Grace Garcia,grace.garcia@outlook.com,63
752df0d4-3bbb-41bc-9b4c-bd18de05399f,Zanele Mthoko,zanele.mthoko@gmail.com,22
f6788114-d5af-48be-8bda-6ed8435c78cf,Charlie Brown,charlie.brown@outlook.com,80
c7a8da54-af9b-47e7-b7c4-5162687c302d,Simanga Davis,simanga.davis@gmail.com,59
fe00ba16-7afb-4fc4-86b4-1b178dd402de,Grace Miller,grace.miller@gmail.com,37
6c5c0676-c622-42b5-bb1d-040d2effd8c3,Senzo Miller,senzo.miller@yahoo.com,76
13b7d5fd-1d5d-433e-bc82-41277c79c3e5,Grace Martinez,grace.martinez@yahoo.com,46
012cc1e0-ffa3-4c3a-9f2f-fa2bb05459f5,Frank Zondo,frank.zondo@yahoo.com,42
7a4a8306-df14-41bd-91f6-1ed67896c921,Zanele Brown,zanele.brown@gmail.com,49
374e6b90-f05d-4f1e-a4ec-97d93eaf05e4,Henry Miller,henry.miller@company.com,79
e2cfc281-7def-4ee3-897f-85a92ab57322,Senzo Miller,senzo.miller@yahoo.com,35
a61633b7-42e6-4b0d-b7a3-60cb25d9b71d,Palesa Zondo,palesa.zondo@example.org,51
8cad9655-acac-42a7-a4d3-dc7bb2e2b369,Frank Garcia,frank.garcia@company.com,29
19fb6357-5432-4e0b-9557-6efe2edd9b0a,Palesa Miller,palesa.miller@example.org,27
83ee5f0e-a888-416e-a8ea-1501ee9bd616,Senzo Mthoko,senzo.mthoko@company.com,65
eec96078-0570-4282-9cd8-d447d82d9f6b,Simanga Mlimi,simanga.mlimi@gmail.com,22
dce102e1-3a1b-491f-9d55-14066abac779,Palesa Williams,palesa.williams@outlook.com,38
b8b49e40-5c07-4744-9a54-8a0269bbe51d,Senzo Davis,senzo.davis@company.com,20
31107440-7eef-433c-befd-722c8189e96c,Henry Mthoko,henry.mthoko@example.org,71
33151289-b6eb-4b74-b3f9-6ee641a4e55a,Palesa Rodriguez,palesa.rodriguez@gmail.com,64
4e5badd5-1a1d-4e16-a048-4a4fd7017ec4,Frank Miller,frank.miller@gmail.com,77
a93611af-20f1-42cf-ac9d-9b24be22dd75,Mpilo Davis,mpilo.davis@example.org,41
5985789f-02d4-4682-92f4-e21494a5aaa2,Grace Mlimi,grace.mlimi@outlook.com,50
3e586592-ce62-4840-9b4a-93f200728692,Grace Davis,grace.davis@example.org,71
c7f922bc-f9a0-4618-b09e-7ae9565e605a,Simanga Rodriguez,simanga.rodriguez@example.org,63
30893f9f-6f56-41ed-b2f0-c8ac0b40a088,Grace Mthoko,grace.mthoko@yahoo.com,59
32e17c63-e747-429f-85ed-96475468fb41,Simanga Brown,simanga.brown@example.org,57
e443dc20-4414-43e7-9826-cd3d561a7af2,Grace Garcia,grace.garcia@example.org,52
fdafb6a1-e39d-4921-bb3d-8880eb17d92f,Mpilo Brown,mpilo.brown@company.com,73
7c8f2e52-cd5e-4973-942f-9ce4b53f988d,Grace Williams,grace.williams@outlook.com,69
eb16fe25-e68d-4368-99c0-760ab0058dc4,Charlie Zondo,charlie.zondo@yahoo.com,42
dbe46aad-5012-4a38-a892-57ec354404bc,Zakhele Miller,zakhele.miller@yahoo.com,28
ef16eba9-8a8e-47bd-890f-db4959921c68,Senzo Mthoko,senzo.mthoko@outlook.com,68
f19fe9d5-7524-4b36-b25b-e96586140280,Simanga Zondo,simanga.zondo@gmail.com,70
759cdca1-9ddd-413d-8a14-6d144f72554c,Henry Brown,henry.brown@gmail.com,59
ef1badac-2083-4155-aced-4b0b805dbd73,Charlie Rodriguez,charlie.rodriguez@company.com,59
ef09b432-7d91-4a3b-a722-23252fbdec25,Charlie Zondo,charlie.zondo@outlook.com,75
30e18d69-3ac0-43ca-97f4-8e2e96ab0c35,Zakhele Brown,zakhele.brown@gmail.com,40
dce92440-ea03-4b89-8f72-4a4f45c7f318,Simanga Mthoko,simanga.mthoko@example.org,34
df629c25-4626-4b56-a355-1bcd8a8932a4,Charlie Davis,charlie.davis@company.com,60
46f713f1-8a75-4b8f-9f4f-a4ebb0634cbe,Mpilo Rodriguez,mpilo.rodriguez@gmail.com,46
772b6069-7180-47b6-8756-a475c0a154a6,Simanga Davis,simanga.davis@company.com,54
56366d71-7e89-4e76-8b69-52795d61c5a3,Grace Martinez,grace.martinez@company.com,71
9d66417f-07f3-4afb-8e3e-fe7f6a580def,Henry Rodriguez,henry.rodriguez@gmail.com,61
da771aa5-c32d-4456-8180-89af999b3f1e,Grace Zondo,grace.zondo@outlook.com,69
cc1f30e3-90ba-4d1b-9e0e-7fd3d87df32e,Frank Miller,frank.miller@example.org,41
5f226ccd-1eba-4a79-b54e-c67bbfc5ad68,Senzo Rodriguez,senzo.rodriguez@company.com,73
a01da8f8-457c-4677-88ba-0531bee23b44,Zakhele Miller,zakhele.miller@company.com,30
ae3ce146-f8fd-433c-a4a1-e7da151d7629,Zanele Garcia,zanele.garcia@gmail.com,69
fa9ffb6c-16f7-4026-9646-3b8b617c1fde,Henry Miller,henry.miller@gmail.com,51
f341be26-b57d-49e1-a360-0e38fe72a07d,Henry Miller,henry.miller@yahoo.com,64
436895ba-c7d8-4ee8-bec3-0adf3d96b30c,Mpilo Martinez,mpilo.martinez@example.org,72
4548a583-91db-493c-b826-1c0386669f8f,Henry Mthoko,henry.mthoko@outlook.com,30
1e89d22a-b5e3-4b96-9898-1641257f3d6f,Palesa Brown,palesa.brown@outlook.com,40
0970d23f-a0a4-4e53-87e3-11d8c80da4ab,Frank Williams,frank.williams@yahoo.com,61
8962d608-250f-46b0-aa95-1362f6a7918d,Zanele Miller,zanele.miller@gmail.com,60
5fd13fa6-d3b7-4d0e-8f93-11305216d52d,Zanele Mthoko,zanele.mthoko@company.com,69
2dde327c-8261-408d-908c-94d7ff82459c,Henry Martinez,henry.martinez@yahoo.com,40
a7cbb952-aea2-40c3-aa04-7cc528b30688,Henry Zondo,henry.zondo@yahoo.com,40
05b49f58-9396-4081-8ece-2aa33655ea71,Zanele Rodriguez,zanele.rodriguez@company.com,35
37868444-db85-44b3-8892-e02062f8ec66,Frank Mlimi,frank.mlimi@gmail.com,67
8f1d99d6-7ff8-4dca-bce9-0eef036c3237,Charlie Miller,charlie.miller@gmail.com,72
6550e9b9-44bd-46a1-859d-d3f72ef81784,Frank Martinez,frank.martinez@outlook.com,52
a3edbda4-1d12-4d81-9e78-c8ab92fc5119,Zakhele Mthoko,zakhele.mthoko@outlook.com,68
93ed1ad1-e80c-41cf-9ae0-d9329637191c,Simanga Miller,simanga.miller@outlook.com,78
5938d007-b6c7-481b-ad01-b81600f56c3c,Grace Williams,grace.williams@company.com,36
55cfd381-654c-4d08-8569-a127d8ac9ae1,Grace Rodriguez,grace.rodriguez@company.com,56
e0bb33cd-9981-429a-b051-add3a75ec66d,Senzo Mthoko,senzo.mthoko@yahoo.com,48
630882c5-80b7-4ed6-82ac-98c2a454ab9d,Zakhele Davis,zakhele.davis@outlook.com,61
eed70857-e650-44c9-9780-4b3588a576eb,Frank Williams,frank.williams@yahoo.com,74
4d14a92b-c5a9-46cc-8261-01c8f7443d28,Frank Mthoko,frank.mthoko@company.com,75
092cee5a-9a75-400f-b31c-3aa1a9f97523,Zakhele Rodriguez,zakhele.rodriguez@gmail.com,40
f89662c4-9b1b-4632-9bba-5fe799e2731f,Simanga Zondo,simanga.zondo@yahoo.com,50
8737a0fb-e74d-4900-8b70-19359a894ea1,Zanele Mthoko,zanele.mthoko@yahoo.com,33
825d705d-89c1-4d56-aa53-f64c1babe2dc,Charlie Davis,charlie.davis@outlook.com,55
ca80ea1e-e9bb-424d-a222-143ae1d39f25,Simanga Rodriguez,simanga.rodriguez@yahoo.com,75
bd8bc133-9437-40e3-b685-ef2c8de9504e,Frank Rodriguez,frank.rodriguez@company.com,32
d4540f8c-ca9d-479c-9ef6-dfe83bb7606e,Palesa Mthoko,palesa.mthoko@company.com,69
173f0a3a-2bc2-4bd2-a8da-d8a83e294f20,Zakhele Williams,zakhele.williams@gmail.com,26
a2cebe6d-ee4e-4a99-a804-5ab3a4cad895,Charlie Zondo,charlie.zondo@yahoo.com,19
471d76bb-1e66-4bc4-833e-52f6502ada08,Charlie Garcia,charlie.garcia@company.com,51
1a93a87e-42ab-45a8-bef5-02a4da0b5ce6,Senzo Martinez,senzo.martinez@yahoo.com,53
9a0ab1ec-0b64-48ab-9845-88009d12f9fb,Zanele Garcia,zanele.garcia@example.org,76
52a9b81a-55fe-4a72-aa68-c98e21f0c8fc,Zanele Martinez,zanele.martinez@example.org,78
155bb7fd-06cf-4814-bbcb-021db1d5a5ff,Palesa Zondo,palesa.zondo@gmail.com,23
5fe18ff9-063e-4465-85c0-31cf2400d996,Palesa Mlimi,palesa.mlimi@outlook.com,63
af6c045d-c75a-4000-813d-e19addc2cc4f,Zanele Mthoko,zanele.mthoko@outlook.com,44
d1e52b40-e4ad-4ae2-b29f-6fe78ff8d22d,Simanga Rodriguez,simanga.rodriguez@gmail.com,46
80c99dde-7c03-4ff6-b186-c4ac593aa0e6,Senzo Mlimi,senzo.mlimi@company.com,74
691d03ec-98e4-45f8-b36d-f8c475166a83,Palesa Rodriguez,palesa.rodriguez@company.com,39
7912a3bf-0191-4903-a98d-46e5eae1d798,Zakhele Rodriguez,zakhele.rodriguez@example.org,60
e1f13137-fc66-4013-a3bc-3981dc209744,Grace Davis,grace.davis@company.com,70
32a198f8-44d9-4741-bf77-5d7360c460ed,Frank Williams,frank.williams@gmail.com,51
bbd279f8-f445-4fb6-9092-b26834acb4d8,Mpilo Zondo,mpilo.zondo@example.org,50
12ebb558-7d71-4f63-b1cc-d192cbeacd7b,Zakhele Zondo,zakhele.zondo@company.com,65
b2dd5542-64a6-44ae-bba2-84382b699cb7,Grace Miller,grace.miller@example.org,74
4e80f9e5-bbda-4cae-84b9-99b4c2dc6502,Frank Davis,frank.davis@example.org,55
09de2af1-c7e3-4c24-805c-1a973b098472,Zakhele Mlimi,zakhele.mlimi@gmail.com,72
a2973194-a82f-4cae-832d-f04d4a060b42,Palesa Brown,palesa.brown@example.org,80
63f4585d-54f4-4d98-93a3-9f3265e8d32a,Simanga Mthoko,simanga.mthoko@gmail.com,22
67a2df8e-1906-4231-afa7-c94de1515090,Charlie Mlimi,charlie.mlimi@yahoo.com,30
c4f465a3-9639-4b1e-81b7-0af1d8271571,Henry Davis,henry.davis@gmail.com,69
30d17144-e563-42fe-a183-0819a84ff348,Charlie Miller,charlie.miller@outlook.com,53
8182019d-f5f2-4c08-870c-f26bd80021a6,Henry Brown,henry.brown@outlook.com,55
8744a7d8-b55b-4dd8-8d07-f57fc6a2bb37,Charlie Williams,charlie.williams@yahoo.com,18
d3174e6c-fa86-4580-ad80-67d65d7741bb,Henry Garcia,henry.garcia@gmail.com,24
1c0fb09c-172b-4124-bae6-e71ba31392cf,Senzo Davis,senzo.davis@example.org,53
67b4f93e-1ad0-49ac-83e8-5bbd6e761c4a,Frank Mthoko,frank.mthoko@yahoo.com,65
48a99032-e1cd-40c7-b335-1dd70d54a960,Palesa Mthoko,palesa.mthoko@yahoo.com,67
08986cca-9a55-424f-aed0-c1bc68c47af0,Frank Davis,frank.davis@company.com,51
9d10a1a6-c9f2-48b2-928f-98f12441cc35,Zanele Davis,zanele.davis@gmail.com,76
efb692b5-3023-4a5b-851c-d436e6c3f8ad,Frank Davis,frank.davis@example.org,25
da862c93-6e79-472e-8596-4c43e83a2eaa,Grace Mthoko,grace.mthoko@outlook.com,36
22dfc01b-4db1-4d60-9d85-d9b165c3c431,Senzo Brown,senzo.brown@yahoo.com,79
03d2d7e9-d2e2-4dd5-8fa2-d0b00d1e54c1,Zanele Brown,zanele.brown@company.com,41
ddb46908-0afb-4eb2-aa68-567f7943094f,Charlie Brown,charlie.brown@outlook.com,32
6d283877-33f1-4246-ad7e-97579392f0bc,Henry Davis,henry.davis@outlook.com,75
44af9bd1-1bf9-43f9-af38-eedaecb94234,Mpilo Brown,mpilo.brown@outlook.com,36
70d652d7-0ebd-4401-93fb-248187e6aab8,Senzo Martinez,senzo.martinez@outlook.com,46
be5c728a-7fa8-4631-8411-08699cf344c8,Zanele Zondo,zanele.zondo@company.com,35
9ff542a1-d014-4e5b-91dc-3d932543000f,Senzo Zondo,senzo.zondo@yahoo.com,48
1076bae9-b6f9-4d37-a55f-b205abde119a,Palesa Davis,palesa.davis@company.com,40
a11a5daf-cf9a-4fbf-9a3d-dc5648ee65f4,Zakhele Mthoko,zakhele.mthoko@yahoo.com,64
5ecfa63c-55b7-44a7-83a5-33f9a9280592,Frank Zondo,frank.zondo@gmail.com,53
de433b1d-1145-4567-98b0-a0f010fb9f8f,Mpilo Mthoko,mpilo.mthoko@gmail.com,58
d96f9bfd-44aa-4039-b0e1-7554b1308e4d,Henry Miller,henry.miller@outlook.com,40
89339c91-40c6-44f1-bdcc-4bf4a4de1da6,Mpilo Zondo,mpilo.zondo@gmail.com,69
46a2288d-288c-4b53-8432-f8d4efc37f0a,Charlie Zondo,charlie.zondo@yahoo.com,39
c644a241-2a64-41b1-8df2-8360e7e6e9ee,Frank Zondo,frank.zondo@company.com,20
6e7c34af-9e57-4d9f-9ebc-631da3f5997a,Grace Davis,grace.davis@gmail.com,30
05068907-40ac-4a1a-99fd-b3e817362615,Simanga Mthoko,simanga.mthoko@outlook.com,70
d99c8eba-f94f-479d-8e3c-77ac474a6cc9,Charlie Mlimi,charlie.mlimi@outlook.com,57
075b6cd7-1c52-4591-b1b2-e46f0f8e2f19,Simanga Garcia,simanga.garcia@yahoo.com,20
79b0fae9-be90-4ac9-a13b-ad7bd8ac7048,Zanele Zondo,zanele.zondo@yahoo.com,79
d143557c-36ea-4769-ab7e-b09b64bf60c0,Palesa Williams,palesa.williams@outlook.com,49
ba2b74f6-6ef4-4cd9-b18a-5d59279efbcf,Grace Miller,grace.miller@yahoo.com,76
889f356b-87d6-43ab-8261-8af749a27330,Charlie Davis,charlie.davis@outlook.com,57
397dacf2-a86b-4dae-9d3b-879b1b89061d,Senzo Zondo,senzo.zondo@yahoo.com,53
7dca66d2-03f3-4d8e-86de-f2cd05e8fe80,Frank Garcia,frank.garcia@yahoo.com,64
9a0a32e7-bb02-48b1-b0b4-7474feb78205,Mpilo Williams,mpilo.williams@example.org,44
8fa78eb8-4ab9-485c-9db9-b257e6ba19cd,Zanele Zondo,zanele.zondo@outlook.com,67
ddc9f68e-5dce-4a74-99e1-9a608f211d17,Senzo Mthoko,senzo.mthoko@outlook.com,42
e0c4cdd1-9bbe-4db5-bf56-0b8dd08d4b67,Zakhele Zondo,zakhele.zondo@company.com,66
9abd90fd-6216-46c0-a89f-797015b4e420,Simanga Zondo,simanga.zondo@yahoo.com,70
a69e5c89-1ce8-42fe-8d00-3addf11528e5,Zanele Mlimi,zanele.mlimi@gmail.com,78
f212768c-3d7c-4331-be0a-d26be2958a70,Grace Martinez,grace.martinez@yahoo.com,78
6406c29f-d9b6-4c17-94ab-3af43374a4ab,Grace Martinez,grace.martinez@outlook.com,18
2ce7f90b-4ef4-4076-b9c8-8c5c9ffe386e,Henry Zondo,henry.zondo@example.org,77
53410bc8-6802-4266-97cd-96f98d434f99,Zanele Garcia,zanele.garcia@company.com,67
7f307245-e589-4295-9222-ba9c82d1ee06,Henry Mlimi,henry.mlimi@company.com,61
cb67fabf-0e53-4d8c-921b-279ed836170d,Senzo Mthoko,senzo.mthoko@gmail.com,25
d17c892f-9bcc-4904-9b23-fffd1fb56d0b,Simanga Rodriguez,simanga.rodriguez@outlook.com,78
cea00180-309a-48cf-ad6f-4292fa5787d1,Grace Brown,grace.brown@example.org,66
31d2e2d9-fddc-4b90-9fa7-5479e222efd1,Henry Miller,henry.miller@outlook.com,79
426076dd-221b-4a87-9dd2-b70a7735bcb0,Simanga Brown,simanga.brown@yahoo.com,71
0e499eb4-ec6d-4827-8fee-1b06eb7da3e9,Zanele Miller,zanele.miller@gmail.com,70
144b48a0-54e5-4547-a4b1-7c5428ea70ab,Frank Miller,frank.miller@example.org,60
4da1899f-4643-45aa-bf4c-50d380c380e7,Frank Mlimi,frank.mlimi@company.com,19
d9d89f84-5542-412a-94aa-2dd9fd873ce7,Charlie Rodriguez,charlie.rodriguez@outlook.com,23
95508f84-699c-4d06-a901-cc7e8a75ca7d,Palesa Miller,palesa.miller@gmail.com,32
c21e19da-f9b7-40f7-878f-d418736252fc,Palesa Brown,palesa.brown@example.org,38
6796aded-a475-4307-b0d8-58d613f4637a,Charlie Garcia,charlie.garcia@outlook.com,27
7d23e375-8316-419b-8132-27274434cac7,Simanga Garcia,simanga.garcia@outlook.com,57
2e54d560-3bd9-4e7c-b855-e74c55797e76,Mpilo Mthoko,mpilo.mthoko@yahoo.com,57
d4aa3ba6-2a17-4a87-b0e5-a56f11c219ec,Zakhele Garcia,zakhele.garcia@company.com,63
f49ef467-84db-42f1-9072-3ec2f7db9083,Zanele Garcia,zanele.garcia@example.org,60
88eec1d6-63c7-4539-b231-425d5f3fd8b2,Senzo Mthoko,senzo.mthoko@outlook.com,54
2ebb8adc-332d-45e5-8037-6893e98b7034,Frank Mthoko,frank.mthoko@gmail.com,64
86143279-4734-47e5-9e33-489bfb07a4c9,Charlie Mlimi,charlie.mlimi@gmail.com,61
e18114ec-db81-4d1d-a11b-b4f28666b61d,Simanga Mlimi,simanga.mlimi@yahoo.com,30
4296213d-8fe1-4a1d-9805-6de243ac9900,Zanele Martinez,zanele.martinez@outlook.com,34
a6bd0942-86fa-4434-9205-5d69d055afc0,Mpilo Williams,mpilo.williams@outlook.com,60
d38db01f-eb2b-40e7-b472-26c6847136fe,Zakhele Martinez,zakhele.martinez@example.org,39
6ea8d313-d85e-43f4-b874-08810d70d585,Charlie Williams,charlie.williams@outlook.com,78
19cfe344-cf31-474e-8770-379c2e972dc6,Grace Mthoko,grace.mthoko@example.org,73
95b73989-011b-48ec-aa2a-b085987e997b,Zakhele Davis,zakhele.davis@example.org,69
ce91de0f-aa0b-40c3-8e73-82686ca9cb54,Zanele Rodriguez,zanele.rodriguez@gmail.com,38
24c01c9d-1d0c-40cb-a26c-e13d13091359,Senzo Brown,senzo.brown@gmail.com,65
e16a4fab-26a9-4c50-b492-8b9a762c222b,Charlie Miller,charlie.miller@company.com,36
138d3edb-41df-4f1d-beb9-7dbef9c96c7a,Grace Rodriguez,grace.rodriguez@company.com,41
7b382a77-06f1-4afa-abff-8c957db99fdb,Simanga Martinez,simanga.martinez@example.org,42
04d7263f-0908-4a88-b707-9291a55eb46c,Zanele Williams,zanele.williams@outlook.com,20
ddc503e1-0e6c-43d3-ac84-59ae05694ebd,Simanga Williams,simanga.williams@gmail.com,51
98eaa97e-391d-453e-a615-152a67679c91,Zanele Garcia,zanele.garcia@company.com,60
15bda7a0-82d7-45e9-b8d1-1c9176dc14b8,Palesa Brown,palesa.brown@example.org,70
706b8129-723d-4718-accf-b0cf0862f3cb,Simanga Brown,simanga.brown@outlook.com,38
351c522b-585c-41b3-a759-3817aa3bbd07,Frank Williams,frank.williams@yahoo.com,19
941def4e-17f6-4c06-86df-82b9580e4afa,Palesa Rodriguez,palesa.rodriguez@company.com,75
f7c1d9e3-d21a-4adf-ac1f-a0f80a1de849,Grace Miller,grace.miller@company.com,43
064ac84f-1045-44b9-844b-6f7311d45d85,Charlie Martinez,charlie.martinez@outlook.com,24
a8a51d79-ac9d-4d47-a424-a37b85087f80,Zanele Mthoko,zanele.mthoko@outlook.com,29
c5bd0cb8-2585-470f-832a-fb47d6fbb5bf,Simanga Williams,simanga.williams@yahoo.com,55
bafca9a9-09e4-4a8c-84cd-7cc34ea35fdc,Zanele Garcia,zanele.garcia@company.com,67
3bf6f32c-771a-4d5e-86da-bdd7d254e702,Palesa Miller,palesa.miller@gmail.com,19
959a81ed-9b10-4d3e-89e5-9253cb129896,Henry Martinez,henry.martinez@example.org,72
6bcf9233-7954-4e0f-8629-273f96cc6938,Simanga Mlimi,simanga.mlimi@example.org,37
b69e8de2-b480-4f2e-ad26-c54fb97e103c,Grace Rodriguez,grace.rodriguez@outlook.com,74
dc235fd2-b095-4f92-9d2b-e7c5cf103f1e,Mpilo Mthoko,mpilo.mthoko@gmail.com,67
3d5b458c-748a-4871-a18c-d4a25260b266,Charlie Mthoko,charlie.mthoko@yahoo.com,59
90847054-718c-4e6b-b0f5-1240473398c0,Zanele Mthoko,zanele.mthoko@company.com,46
f63e8503-211a-4229-b65e-0b25a85ce1af,Senzo Martinez,senzo.martinez@yahoo.com,44
1116e81b-254d-4435-9348-4b8c844c76d8,Zanele Davis,zanele.davis@outlook.com,67
15614937-d326-4702-8152-bbfd83f6e572,Simanga Miller,simanga.miller@gmail.com,67
b3b3f6cd-ae6b-4b4c-92a4-aa1a3d28af4c,Simanga Martinez,simanga.martinez@company.com,48
83b5f474-fb3d-47c2-b7aa-09bf67ca723d,Palesa Miller,palesa.miller@company.com,52
53c89d22-37eb-4576-9122-1d39da5ced0b,Zanele Miller,zanele.miller@company.com,23
3ce6307d-50e5-4e5f-a6b1-1d614a0a2994,Simanga Miller,simanga.miller@gmail.com,48
153a38ba-44be-4dbf-aceb-196bb55a7d3a,Frank Brown,frank.brown@yahoo.com,25
7e1e6063-666f-4d49-ac00-8875bc05ec2f,Palesa Mthoko,palesa.mthoko@company.com,66
90b470e6-e1d2-47b2-832a-136270c5d307,Frank Davis,frank.davis@yahoo.com,20
a4012f11-6578-433b-90bc-5acc90d51c7c,Palesa Martinez,palesa.martinez@example.org,32
db6a68a7-b432-45ac-b709-f8527448cb01,Mpilo Mthoko,mpilo.mthoko@gmail.com,31
79d0d3a6-3e55-47c3-b047-da4d7c6a092f,Simanga Martinez,simanga.martinez@example.org,37
1de80918-c731-4043-9def-faf8c3328bcc,Charlie Mlimi,charlie.mlimi@example.org,49
b3493db5-bfe5-4f27-b254-59ed8973eea9,Zanele Garcia,zanele.garcia@example.org,43
9de334a5-d60f-4bb7-ad67-117c339bd4e9,Zanele Zondo,zanele.zondo@company.com,69
cb8f6824-03f2-4dd2-ab20-204edb2b5728,Charlie Rodriguez,charlie.rodriguez@example.org,58
f8cb669e-7e22-4b58-a7e0-d326fa0c18b7,Senzo Miller,senzo.miller@example.org,53
8bea75ef-6313-4c21-a78d-3208d707713f,Charlie Mlimi,charlie.mlimi@example.org,25
148c8f4a-943d-4454-8328-ac6851026b4e,Mpilo Mlimi,mpilo.mlimi@gmail.com,54
b2f3f519-41ad-4861-888f-c2543a691ba5,Zakhele Garcia,zakhele.garcia@outlook.com,54
2c9cb3aa-c4a2-4539-8512-dc5d5be4444c,Charlie Zondo,charlie.zondo@outlook.com,74
652ff07a-244e-4859-8407-d7f302bf2a53,Mpilo Rodriguez,mpilo.rodriguez@yahoo.com,43
3cc8f2d5-4aa7-4832-a7f9-5c0dd48924b6,Frank Williams,frank.williams@example.org,62
4bd33e6b-1bfa-4444-acb6-8656afb6badb,Mpilo Mlimi,mpilo.mlimi@company.com,29
aeb16b73-b903-48ae-95e4-a9b3f55bb5af,Henry Zondo,henry.zondo@company.com,59
1e565a24-a319-4d81-8e73-81ef043a2d1c,Senzo Williams,senzo.williams@yahoo.com,57
4853f33b-b3db-4aac-97a3-6e9cfbf80a73,Henry Garcia,henry.garcia@yahoo.com,61
53d2d77b-6137-4f80-a1f2-75a8cbf4dece,Mpilo Williams,mpilo.williams@gmail.com,32
b9c6ab08-1e62-45c9-94e1-3309fb97bc1b,Grace Mthoko,grace.mthoko@company.com,45
f3c71516-05ff-45c4-a61f-764f60884010,Senzo Mlimi,senzo.mlimi@example.org,72
a36ad0a8-528f-467b-8ff9-10b042830036,Mpilo Mlimi,mpilo.mlimi@gmail.com,22
966443a5-026a-43e1-9328-881991f66c59,Simanga Mthoko,simanga.mthoko@example.org,43
b4923777-6311-4fbc-8ed3-0b5dca04374c,Zanele Mlimi,zanele.mlimi@company.com,21
d5efe283-3d6d-4e9b-b375-6a15ce11cb89,Henry Garcia,henry.garcia@company.com,41
002c7706-0e88-4b20-b2a4-f0d5cf5683da,Simanga Miller,simanga.miller@outlook.com,67
c18c9bdc-757e-47d0-9724-61e756d8b623,Senzo Brown,senzo.brown@example.org,61
edfce158-9092-490f-9d0c-382dd1267bdd,Zakhele Davis,zakhele.davis@company.com,80
7838c633-240f-4d72-be18-13962939719d,Zanele Brown,zanele.brown@yahoo.com,72
34f7088e-60e6-4b4d-8db7-8cc50ed9c36c,Charlie Garcia,charlie.garcia@company.com,18
d23112db-008b-4d81-8d67-d1054e63e49c,Simanga Davis,simanga.davis@example.org,33
b8c5704a-9b9c-4972-a60a-e7ae8827c106,Henry Mthoko,henry.mthoko@gmail.com,27
a6faccd5-5dfe-41e7-b40d-688d4eff2188,Senzo Davis,senzo.davis@gmail.com,20
15b3e397-48a3-48ef-8829-f7eb4817b669,Mpilo Mthoko,mpilo.mthoko@example.org,34
e4a960dc-fae2-4c4d-a9ba-7b22b2811281,Simanga Mthoko,simanga.mthoko@outlook.com,19
85f221d2-c994-4f4f-b1e7-86a58da9d8a7,Palesa Mlimi,palesa.mlimi@gmail.com,71
33c46fd5-78e9-4dce-8cde-d5e0061ba70f,Senzo Brown,senzo.brown@gmail.com,44
e2e1feec-0fb4-4a08-9d91-fae407f4b40a,Charlie Rodriguez,charlie.rodriguez@company.com,76
6a3b74cc-4280-4aa4-8c7d-2682d5fb60ec,Zakhele Miller,zakhele.miller@company.com,27
1e613294-66ce-4462-ba0b-742192652be1,Zakhele Garcia,zakhele.garcia@gmail.com,29
82d23db2-37d8-41be-a3e7-f242821701c6,Zakhele Garcia,zakhele.garcia@yahoo.com,44
c711bc4d-078a-491b-94c9-077d864bdf05,Zakhele Mlimi,zakhele.mlimi@company.com,59
1cdf0d1d-9513-4265-aa28-b9259dbba464,Palesa Miller,palesa.miller@yahoo.com,18
2a98bf3a-d719-445b-887e-8a18e7a5883f,Mpilo Davis,mpilo.davis@company.com,39
8b39eb29-016f-4b79-a3b6-d68f1d17e67f,Charlie Rodriguez,charlie.rodriguez@example.org,41
efe3a71e-e89d-41ad-a7e9-a8e44b3e59ba,Simanga Brown,simanga.brown@example.org,73
7fb183c0-7c92-4f37-8852-c058066dfb12,Mpilo Zondo,mpilo.zondo@outlook.com,70
23e56b25-9572-439d-b638-e1a9622e22ac,Mpilo Mthoko,mpilo.mthoko@company.com,72
c85d45bb-de3f-41fd-a3b1-928dacfc97f1,Palesa Davis,palesa.davis@company.com,35
28b075ab-6f5a-4c5e-86bb-7a70001c66d7,Simanga Williams,simanga.williams@outlook.com,43
22316bcf-29ee-4466-9830-13baae1f7b26,Simanga Williams,simanga.williams@example.org,22
483dd04e-987f-45c0-8265-f229642d7f89,Grace Garcia,grace.garcia@outlook.com,19
0215149a-37d7-486d-a42b-a5d9f430ad9d,Senzo Williams,senzo.williams@example.org,40
32e9446e-fa7e-4eab-80de-cac49365c2f6,Zakhele Garcia,zakhele.garcia@gmail.com,35
d7e29865-d205-4944-8e15-ebc0301d0ea2,Palesa Brown,palesa.brown@company.com,67
35fda5e3-879b-4d93-9e9a-d62a8cfecc2c,Grace Miller,grace.miller@outlook.com,70
8e6afa39-1c50-40b7-87ed-ffba816b11b9,Zakhele Zondo,zakhele.zondo@example.org,78
5893f3db-d138-4f83-97bc-2c59f7c09065,Frank Martinez,frank.martinez@company.com,45
8293fe8f-3cc3-4662-aff8-4228e31c8693,Charlie Mthoko,charlie.mthoko@outlook.com,26
eb7d062a-aeb4-49af-a1c1-09a8eb71c8d7,Palesa Martinez,palesa.martinez@gmail.com,18
886aefb8-4f41-46d7-a2cb-eefaca3f9e92,Zanele Brown,zanele.brown@gmail.com,49
f73eb7e0-a234-4c72-9d3d-b8a5fe3b6aaa,Zakhele Mthoko,zakhele.mthoko@outlook.com,31
59db00e5-6376-491a-b011-657c4654f482,Charlie Zondo,charlie.zondo@company.com,32
a4d65636-b762-4ff4-b740-2a62ef019838,Zanele Mthoko,zanele.mthoko@example.org,77
2e5f1528-b162-4996-b8f5-2a1f7efe699b,Charlie Davis,charlie.davis@gmail.com,56
4d2926dd-ddfa-4e9d-950b-d01944fa770f,Zanele Williams,zanele.williams@outlook.com,45
710d76bd-7d2e-4898-b917-ff771adbc8ff,Zakhele Mlimi,zakhele.mlimi@example.org,53
6059ac4e-a0c7-4853-b4e1-251610a3a0ba,Charlie Martinez,charlie.martinez@example.org,21
177889ab-d668-4dd6-9dfa-f6e815bf0348,Zanele Brown,zanele.brown@outlook.com,19
eef27c06-fd3c-4340-9dc5-a6bd5c0cd4d5,Frank Zondo,frank.zondo@outlook.com,51
1808e24c-6ccb-4373-99e3-b0016a201c38,Palesa Garcia,palesa.garcia@gmail.com,39
ec569425-6b5d-4f5f-8841-661a3da293ce,Mpilo Zondo,mpilo.zondo@yahoo.com,34
f177fadb-710a-40f6-9e6a-597eb537d0ca,Simanga Davis,simanga.davis@outlook.com,36
3036013e-2cb7-4159-813e-bfd0f03c72af,Charlie Martinez,charlie.martinez@outlook.com,20
0f1c7b80-cf4e-45cf-b806-b4c5e5caf118,Henry Miller,henry.miller@company.com,49
845cb525-5923-4084-8c18-4cb99b4648bb,Grace Brown,grace.brown@outlook.com,33
a3d78e96-b0c2-4615-a9b6-2c70d01df70a,Simanga Mthoko,simanga.mthoko@gmail.com,28
22834cb3-6933-41fc-a408-fb64dc7c73d2,Palesa Williams,palesa.williams@outlook.com,52
c71f2365-2ebe-422e-8d05-8bc0d061a120,Frank Brown,frank.brown@example.org,31
09ce3162-b05f-42fe-8e68-a1b3534c66e8,Mpilo Zondo,mpilo.zondo@company.com,30
35e15288-c651-4713-be37-a5fa63a117ef,Palesa Garcia,palesa.garcia@example.org,76
628f5451-f1b0-440b-8a40-d2904c6dc720,Frank Rodriguez,frank.rodriguez@company.com,55
15a2a368-8374-428e-aba4-7d879e00deae,Senzo Brown,senzo.brown@example.org,72
bf64cc3f-2e59-47b0-865d-c57c3b27b716,Palesa Garcia,palesa.garcia@company.com,50
b60b5831-11f8-42b3-9fc3-c242f5108fcb,Zakhele Davis,zakhele.davis@outlook.com,41
f7fea6a0-0357-4636-a3e6-99a2f7f5ef8e,Mpilo Mthoko,mpilo.mthoko@outlook.com,56
48f45a9c-6bab-4ed5-9718-89a2dc014401,Palesa Mlimi,palesa.mlimi@yahoo.com,27
ca51c123-3cc3-4d9b-914c-7418c8e75157,Henry Garcia,henry.garcia@company.com,23
00c99891-169a-4e48-9f97-7969a04216ea,Charlie Zondo,charlie.zondo@gmail.com,30
64e6dca9-5b73-4ae2-9308-db15f4aadc6e,Palesa Williams,palesa.williams@company.com,56
76f70c3a-c40b-4270-86c8-cbbe397a9fa7,Henry Rodriguez,henry.rodriguez@outlook.com,73
9274692a-5a5c-4e0d-bd1d-7303602890d2,Simanga Mthoko,simanga.mthoko@company.com,33
4f8292ae-fc99-4ccb-b26c-cd51d1931c96,Charlie Martinez,charlie.martinez@outlook.com,65
c10192a8-7ee8-4ce7-bc59-cf3937bf56d4,Palesa Brown,palesa.brown@example.org,66
7affb688-57c4-4c23-94e8-5119a11a213c,Zakhele Mthoko,zakhele.mthoko@gmail.com,25
a2c194b7-eeaf-4dbe-8593-1410d548662f,Zanele Miller,zanele.miller@yahoo.com,70
a3957543-f212-4247-b1b6-6782265a261e,Grace Mlimi,grace.mlimi@company.com,46
704e5006-6224-4cf6-9833-c856fda6224d,Zanele Miller,zanele.miller@yahoo.com,67
deecbedb-02de-4930-a5d3-8ab63ca4d7d5,Simanga Mthoko,simanga.mthoko@gmail.com,21
85283a55-2019-4970-8208-6f934d9d94af,Charlie Williams,charlie.williams@example.org,22
97a412d7-204c-4f91-8bf1-ee907a1ee0d9,Zanele Mthoko,zanele.mthoko@gmail.com,68
fdd54f7c-5fcd-49d0-903d-aef6d4246bcc,Palesa Rodriguez,palesa.rodriguez@company.com,72
9481f4c3-e76a-42c9-8ebd-2e8f011f53cf,Palesa Williams,palesa.williams@yahoo.com,20
a994c2b3-c0e5-428f-a39f-15f13b196ae2,Mpilo Mthoko,mpilo.mthoko@outlook.com,37
4261daf3-709b-4b38-911f-2966ae70edbe,Charlie Rodriguez,charlie.rodriguez@gmail.com,21
8953fa23-a5f9-490b-895a-6b83142e32b5,Palesa Martinez,palesa.martinez@yahoo.com,65
56c0819a-f01d-4199-860b-063466e1be2f,Henry Brown,henry.brown@outlook.com,50
5190f060-73cf-4d80-8284-0d92ddadba53,Charlie Martinez,charlie.martinez@yahoo.com,79
03d8702b-1518-43cc-80a1-996346676068,Grace Davis,grace.davis@outlook.com,65
4802eb41-ad3c-43e9-b9c1-b2012ba553f6,Senzo Williams,senzo.williams@yahoo.com,80
8775ae1c-bab0-454d-9df3-21c4abf70710,Zakhele Rodriguez,zakhele.rodriguez@yahoo.com,49
77d533a6-01ed-4e50-9699-fedd933165f0,Zakhele Mthoko,zakhele.mthoko@outlook.com,25
72ffa2c2-08f8-4f8e-b94d-1d24ec3803ba,Charlie Davis,charlie.davis@gmail.com,31
63efea72-fd41-4eb8-a8b4-43ee42173551,Frank Zondo,frank.zondo@company.com,66
69d341bc-a3b4-4f03-8017-cd480b0b8516,Simanga Davis,simanga.davis@example.org,18
ea57df10-c5e0-4eb6-9be5-7dd8c4039947,Grace Mlimi,grace.mlimi@example.org,18
a82931e4-b7ce-4208-9463-e611633ac0ab,Charlie Mlimi,charlie.mlimi@gmail.com,59
60b84eb9-f989-4319-91ea-5f5557316798,Zanele Mlimi,zanele.mlimi@yahoo.com,76
5a00f8a6-fbc2-4d2c-9dd0-2dd5135f98df,Mpilo Martinez,mpilo.martinez@company.com,67
291276eb-0a47-4a29-a32f-18e7f2da627b,Zanele Rodriguez,zanele.rodriguez@company.com,58
ada9cf04-6f8c-46d6-95e9-d74bcccf18fe,Frank Williams,frank.williams@outlook.com,53
e1a6b21b-f57a-47bb-9714-67c6de4bac0f,Henry Mlimi,henry.mlimi@gmail.com,57
b18c9e90-ad97-4ee1-811f-3c572c813ab0,Henry Garcia,henry.garcia@company.com,52
0b824819-52b8-4f3b-8d68-a5603e9b81fa,Grace Williams,grace.williams@gmail.com,31
2959f1ed-f37b-423f-900f-0fb76b4c84c3,Simanga Zondo,simanga.zondo@company.com,35
c14df45c-661e-4db2-9073-f2ecef2e9d7c,Palesa Zondo,palesa.zondo@yahoo.com,39
f7d49c32-d444-4d1f-bf58-7b5868aa4484,Grace Davis,grace.davis@yahoo.com,69
c6ecf000-2253-4ec4-b9d8-6147f6d793e4,Frank Davis,frank.davis@gmail.com,27
1cba9e27-9299-49f2-b186-ce2737ee2c40,Simanga Martinez,simanga.martinez@gmail.com,58
ca63a3da-2b51-4fda-bffd-63e896c8d45f,Zanele Williams,zanele.williams@company.com,35
417ff56c-1bf2-4d81-b8aa-8d01a106d0cf,Mpilo Mlimi,mpilo.mlimi@company.com,79
44a9fb15-5f8b-463c-8238-b4b9af478bf2,Palesa Rodriguez,palesa.rodriguez@gmail.com,55
3d044d3b-4db6-435d-b506-7c189290947c,Frank Mthoko,frank.mthoko@gmail.com,46
56d92c78-b031-4d81-86a1-19d7e4dcb71a,Zakhele Martinez,zakhele.martinez@company.com,66
65e4c522-883f-4734-be9c-43bafffb12ac,Henry Williams,henry.williams@company.com,52
1045e0c3-684c-4078-adb5-b775b99b0fcb,Senzo Brown,senzo.brown@example.org,74
b9dc51b6-687f-4d9c-bfce-c89be74528ab,Palesa Garcia,palesa.garcia@company.com,22
8037b56a-2416-4fdc-b886-61aaf9ef4f8a,Senzo Williams,senzo.williams@outlook.com,51
5092d07d-d3f3-40c1-ad83-8d43fbf062eb,Zakhele Garcia,zakhele.garcia@example.org,73
8bd8bd2e-2507-4099-bc57-1ded5cc0c9e3,Grace Mthoko,grace.mthoko@outlook.com,50
917d5c4a-93d6-4cc6-a1a1-cfa3d2753751,Zanele Garcia,zanele.garcia@company.com,39
9d9f91df-d598-45d6-ab0d-cd8f18e7510f,Mpilo Mlimi,mpilo.mlimi@gmail.com,32
66376089-5382-4340-a04d-12a0bc3ad52c,Senzo Davis,senzo.davis@example.org,26
7cb87396-73fa-4552-b47b-ffc1d4c8329e,Zakhele Martinez,zakhele.martinez@outlook.com,29
e43cee37-e911-4f4f-94e9-d6a4e6e692b2,Palesa Garcia,palesa.garcia@example.org,43
540db8b7-7021-45d5-a9f0-f4876ab874ea,Henry Williams,henry.williams@company.com,25
7bb6a5da-83c6-4750-9274-471316bcd9af,Zakhele Garcia,zakhele.garcia@example.org,47
28e9397d-a7ce-4dda-89ad-d45639139ea3,Mpilo Garcia,mpilo.garcia@gmail.com,67
b6ea9ebb-3dd0-4bb4-b528-0d0a04ba5db9,Simanga Brown,simanga.brown@outlook.com,32
15cb6017-f09b-4d37-8b26-077fffca948a,Palesa Davis,palesa.davis@gmail.com,42
9afc9549-0839-471c-9613-bf1a82b7113d,Frank Miller,frank.miller@company.com,70
45ba598d-5aad-4dab-a44d-ffcaf8433685,Senzo Brown,senzo.brown@gmail.com,26
c55a89c3-cc27-4187-97e8-f5c529534fe5,Charlie Miller,charlie.miller@yahoo.com,64
58cc9b8b-529d-4df1-aaef-34f093322d8f,Zakhele Garcia,zakhele.garcia@yahoo.com,69
53eb1ba1-1695-4c12-9e3d-780f6e404ddb,Palesa Mthoko,palesa.mthoko@outlook.com,38
df5c8a08-8d82-4c24-a73e-3dcf0e322280,Henry Zondo,henry.zondo@company.com,75
bb88417d-21e0-424e-a4e5-2c98ff13827d,Mpilo Davis,mpilo.davis@gmail.com,30
557f8b50-cfa8-4fab-bbfa-5fc7d29822b2,Mpilo Mthoko,mpilo.mthoko@example.org,57
1a6fe8be-698f-43da-9aff-1c0ef6af4867,Senzo Martinez,senzo.martinez@yahoo.com,66
cdc767c3-b812-4a05-827a-50c36a658323,Zanele Mlimi,zanele.mlimi@gmail.com,56
c604325d-8d5f-4c77-a2ea-85fe226048fa,Henry Davis,henry.davis@example.org,67
8621c54e-9370-437e-8380-37a0ce343bee,Palesa Zondo,palesa.zondo@example.org,80
d221939e-ea28-4348-9216-fc965c0b0dd6,Palesa Mthoko,palesa.mthoko@gmail.com,41
f5674a2f-9980-4a3a-a32d-58b3171cc3a8,Charlie Davis,charlie.davis@yahoo.com,34
aed2c67f-6927-42ed-b6c9-2833b371f5f8,Palesa Garcia,palesa.garcia@outlook.com,68
0e120e25-7438-40a5-b4a2-77e31edc00e3,Henry Davis,henry.davis@example.org,36
3d9e04a1-d5b7-4462-af00-cafb3705568b,Frank Martinez,frank.martinez@gmail.com,66
49feccc3-c238-4595-bc74-a78c03c4e57c,Senzo Mthoko,senzo.mthoko@gmail.com,41
3d9ffd52-e433-4d71-8631-e59d104a3c05,Charlie Garcia,charlie.garcia@gmail.com,78
13238cfc-80dd-4290-9e00-8133ca87a608,Zanele Williams,zanele.williams@company.com,75
a9f0b841-f935-46b9-bae4-8b3bfd1a33d8,Mpilo Williams,mpilo.williams@outlook.com,61
7172fa18-8d4b-4d1d-ad07-872147c99d50,Frank Miller,frank.miller@company.com,36
b60f4366-42b9-41d3-a6fb-5d6f165dd9f1,Frank Brown,frank.brown@outlook.com,24
d3a98000-1fcd-4bd7-8e4a-c3801598ced1,Zanele Rodriguez,zanele.rodriguez@outlook.com,71
bae59514-b74f-4905-958b-4c24c41a5085,Frank Williams,frank.williams@gmail.com,74
438da31f-ea4f-4c0c-a047-1e30c643c2a8,Mpilo Rodriguez,mpilo.rodriguez@yahoo.com,39
5915619c-4505-48c4-a17f-97c649ce6a71,Henry Zondo,henry.zondo@example.org,65
0a09bb13-febf-4069-b62d-6d5d0545c511,Charlie Garcia,charlie.garcia@example.org,27
cc940cf0-a4a5-4040-a86f-d7335acaa00e,Zanele Rodriguez,zanele.rodriguez@yahoo.com,18
4efe06db-4b2f-427f-9e3a-1c5f7550e28d,Mpilo Mthoko,mpilo.mthoko@yahoo.com,34
1f692cb9-8bf5-4a0f-8f46-46d043b0891b,Zanele Miller,zanele.miller@company.com,70
c036043e-756d-4581-9ebd-c7eebe1da272,Frank Miller,frank.miller@yahoo.com,63
593a2d24-7fcb-4324-bee5-6869092ebbea,Zakhele Zondo,zakhele.zondo@company.com,27
67268757-c193-4904-abb7-082da4412020,Palesa Martinez,palesa.martinez@gmail.com,67
e59c9966-b0f1-450d-977e-7e54b4e035d5,Simanga Martinez,simanga.martinez@example.org,57
6529aa8d-e52e-4a59-a873-c36e40800242,Charlie Zondo,charlie.zondo@company.com,19
f635efff-5528-4588-b6f4-d61fe4b58901,Senzo Williams,senzo.williams@example.org,66
121e60db-bd25-4567-9759-bc54b5cdc8c0,Frank Rodriguez,frank.rodriguez@outlook.com,52
24b97fec-67bc-43ee-a097-97f80094bd13,Senzo Garcia,senzo.garcia@outlook.com,45
7c0e649a-ea02-43bf-955a-53cbd0c0acfe,Zakhele Mthoko,zakhele.mthoko@outlook.com,27
8e21f887-8819-45d7-930e-ffeea3737939,Grace Davis,grace.davis@outlook.com,36
5cea0d0b-5cd2-4f77-a730-cc3f3cd22574,Simanga Mlimi,simanga.mlimi@company.com,73
30ab942e-0180-4eea-98f9-229886f66cb7,Palesa Miller,palesa.miller@company.com,21
146fe725-1eea-4231-8a89-08517c9e805c,Henry Zondo,henry.zondo@example.org,78
be103bce-49c9-466d-8cbd-9c0b29837e47,Palesa Zondo,palesa.zondo@gmail.com,39
c829d836-07b5-440e-b02c-c76c58acd479,Mpilo Mthoko,mpilo.mthoko@company.com,61
066d0acb-3eb1-46b4-9054-95c0aa7ef2e8,Frank Brown,frank.brown@gmail.com,21
3c8efe25-e774-4bba-b2dd-f37a085aa7dc,Simanga Mlimi,simanga.mlimi@outlook.com,22
8701e4b3-eff9-4c90-9d0d-65c2e93fc48a,Palesa Mlimi,palesa.mlimi@example.org,29
c7fb93bb-e2e6-467c-9896-edb918951170,Zanele Garcia,zanele.garcia@yahoo.com,20
dda75fa2-9c7f-42bc-b9eb-a7d945ecb6ac,Senzo Miller,senzo.miller@gmail.com,30
f929ac87-040c-489c-962b-47fb3a29ee19,Palesa Mthoko,palesa.mthoko@example.org,21
c2720399-4544-4f9b-bd29-1bb17aedf6ae,Simanga Brown,simanga.brown@example.org,56
d44211ad-223c-40c0-ba7a-5b1b0edc6822,Simanga Rodriguez,simanga.rodriguez@yahoo.com,21
90ee9d0b-eef2-421c-ba00-048d371858eb,Zanele Williams,zanele.williams@gmail.com,56
5bdcd67a-015a-4a52-985f-9f02876a4cd5,Frank Zondo,frank.zondo@outlook.com,64
a38fea5b-e427-4752-8318-be5d93e8ddc8,Zakhele Davis,zakhele.davis@outlook.com,79
33b21a43-c319-4f33-bfbd-13ea01f86f19,Mpilo Zondo,mpilo.zondo@company.com,69
bbb86742-f5e0-4447-9c1b-1e33a3565a00,Henry Miller,henry.miller@yahoo.com,45
9c489438-1197-4f51-bdfe-e78a543d8402,Zanele Martinez,zanele.martinez@gmail.com,58
ea6a01ed-0f91-491a-a80e-f53b51723d40,Frank Williams,frank.williams@yahoo.com,55
d2739dfe-506f-4799-b815-c14c64ff863e,Henry Miller,henry.miller@yahoo.com,44
da19a512-d750-49d8-a90f-85c64a131856,Senzo Garcia,senzo.garcia@outlook.com,56
eea300db-3ad2-4c18-850e-fa64bab79173,Grace Rodriguez,grace.rodriguez@gmail.com,38
9a9d1171-8903-4e5e-8da2-1ec71e6275c1,Palesa Rodriguez,palesa.rodriguez@company.com,57
2bbf12f6-392c-4f3e-acdc-3b19713a7f07,Zakhele Williams,zakhele.williams@outlook.com,73
38fea253-5114-4079-9da2-8c747eebb3b0,Henry Zondo,henry.zondo@yahoo.com,42
6c354ecf-78e8-4e5c-9ed2-946cea9bdc60,Charlie Martinez,charlie.martinez@yahoo.com,25
625e29b1-2552-4502-bc20-74e8a725269b,Simanga Williams,simanga.williams@outlook.com,63
4ca9094c-2090-4389-9a8f-cf4fad63bd86,Senzo Brown,senzo.brown@gmail.com,56
9d832903-bd6b-4a42-bd3c-778ca58b905e,Charlie Martinez,charlie.martinez@outlook.com,39
15e5139e-9350-4d60-9dcf-c6267e08606a,Palesa Zondo,palesa.zondo@yahoo.com,64
ce37021e-413c-4d41-aaaa-1f36f91e1a19,Senzo Miller,senzo.miller@gmail.com,72
30be2cf4-1b95-44cc-b0a2-7bf2d1353147,Senzo Garcia,senzo.garcia@company.com,63
286dbe95-adac-4b51-90fe-eb74cd174efb,Zanele Miller,zanele.miller@outlook.com,48
01054de9-d95f-4719-96c1-da57f0b7786c,Zakhele Rodriguez,zakhele.rodriguez@company.com,54
43937df6-f5fc-49b4-93dc-477847e5314a,Henry Williams,henry.williams@gmail.com,53
ca53232c-4a9f-489b-9882-6acd789009c0,Zakhele Brown,zakhele.brown@gmail.com,70
79a19b6e-0ce9-4dcb-bdae-fd9d7ce8bee6,Senzo Davis,senzo.davis@company.com,53
a2768051-ec7e-48cf-b29f-2b674327ae6d,Simanga Mlimi,simanga.mlimi@example.org,19
6f2d53c2-93f9-4236-acfe-51c98f1bebc4,Zakhele Miller,zakhele.miller@yahoo.com,31
898895b5-3af3-4ba8-9a0f-08fd5d41ca25,Simanga Brown,simanga.brown@example.org,45
4df307c4-72c5-4787-b406-d896f19e8871,Mpilo Mthoko,mpilo.mthoko@gmail.com,55
6de26d8a-5317-4f47-8421-a4579c749aac,Simanga Brown,simanga.brown@example.org,22
80c68bba-66a8-4da2-ba23-ae8645530a63,Charlie Zondo,charlie.zondo@gmail.com,71
6e0943a2-f72d-470b-85d1-08546ac3ab0f,Simanga Mthoko,simanga.mthoko@outlook.com,20
0ddf009e-6dc3-4484-96ae-493c1e18a7a3,Grace Martinez,grace.martinez@example.org,62
239d0fab-4c53-4078-a3ec-7060297708a1,Zanele Rodriguez,zanele.rodriguez@example.org,57
8bfd2964-0a64-4341-bb55-5fce38705384,Charlie Garcia,charlie.garcia@company.com,79
288a9481-9125-43da-bfd6-3ca8d88a1922,Grace Zondo,grace.zondo@gmail.com,40
6025ec25-c040-4085-90cf-2f2466afdbfc,Grace Miller,grace.miller@gmail.com,60
9f0ed7cb-91ab-498d-974a-7ee9028ebb0c,Zanele Martinez,zanele.martinez@company.com,66
b51d75e2-3698-4899-ae10-2a17e1f483fc,Henry Mlimi,henry.mlimi@gmail.com,52
9464cf7b-700b-4502-b626-957baea589b7,Palesa Martinez,palesa.martinez@company.com,48
ccf94cbb-c437-4deb-90db-64566590a26f,Mpilo Rodriguez,mpilo.rodriguez@company.com,75
b57c3724-55f4-4cd0-ad06-e58673ce78e1,Simanga Miller,simanga.miller@outlook.com,63
f4965146-1125-43b3-b7f5-caaf9ee57b6a,Mpilo Zondo,mpilo.zondo@outlook.com,35
7a93ef7f-0185-4971-a05b-61dd3b49d530,Frank Williams,frank.williams@example.org,34
03444629-ee41-498a-a861-206fc0a667e2,Frank Mlimi,frank.mlimi@yahoo.com,22
15dce5e7-9153-4f0b-9e0b-bb9886ed280d,Grace Brown,grace.brown@gmail.com,58
9452aa28-05c1-4498-abdc-4135fe01de57,Senzo Mthoko,senzo.mthoko@example.org,58
90b7c40b-a2ef-46c8-bf32-4388419caba8,Zakhele Rodriguez,zakhele.rodriguez@gmail.com,55
ebeee219-e7b1-48e0-bcaf-98cb5bca2299,Mpilo Williams,mpilo.williams@example.org,67
ddad887a-15c5-458f-bdb9-c42c6e753339,Mpilo Davis,mpilo.davis@company.com,40
21582dc2-6250-4af3-9cd1-63db2e4b7e12,Henry Rodriguez,henry.rodriguez@company.com,63
708baf75-b657-4402-bd81-8b4ffae7c90f,Senzo Mthoko,senzo.mthoko@gmail.com,21
d101b549-34ba-4a81-8bd5-98ecd25a0813,Charlie Martinez,charlie.martinez@yahoo.com,53
f2e017b3-0f5f-41d1-9293-afb1c206721a,Simanga Williams,simanga.williams@gmail.com,79
6c48d925-26a9-4b8d-b5bf-2eb5954ccb0b,Frank Brown,frank.brown@outlook.com,77
e076c18f-5722-42c7-b6a5-e98082177fe8,Henry Davis,henry.davis@example.org,69
c9b4c59f-9391-4894-90e4-b3082c991a0c,Simanga Brown,simanga.brown@gmail.com,46
0df31588-7226-49a9-a49b-729b3e122582,Grace Brown,grace.brown@outlook.com,27
24ca16bd-120d-4752-a046-a7e21b2f46d7,Frank Davis,frank.davis@gmail.com,77
82b1242f-96d7-4151-8939-313aa290d00f,Grace Martinez,grace.martinez@company.com,43
882ab709-99e5-456c-85d8-bb6f4ae326a2,Zakhele Mlimi,zakhele.mlimi@gmail.com,18
bfb6ebc2-a34c-4d60-9b08-7080373d095b,Henry Brown,henry.brown@company.com,43
b5ebaaa7-a9eb-46a0-965f-88bd1e7a87bf,Charlie Rodriguez,charlie.rodriguez@company.com,27
4ddfc0e3-ebc6-47f3-9a64-4c5d6bd519c8,Mpilo Rodriguez,mpilo.rodriguez@yahoo.com,23
c0419811-4b76-4146-805c-b8d4e93669e6,Charlie Davis,charlie.davis@gmail.com,18
4f9b8947-bf38-4429-bded-da25f37dbcfc,Mpilo Rodriguez,mpilo.rodriguez@company.com,66
58e931cc-aa54-40cb-9456-c6f527343094,Simanga Mlimi,simanga.mlimi@yahoo.com,49
02248454-2fdc-4423-b151-5f78b31f39cb,Zakhele Rodriguez,zakhele.rodriguez@example.org,24
aa007a76-875e-4d16-b740-b36fa09ee40f,Frank Mlimi,frank.mlimi@gmail.com,55
7f8ac1be-5e8f-4f35-a39e-3d5279586d3d,Senzo Williams,senzo.williams@yahoo.com,18
9febd2db-1e91-4b34-9532-809b19cdaa82,Senzo Garcia,senzo.garcia@gmail.com,30
894061e9-23a6-4f18-91e1-ecd9ec0968d3,Henry Mlimi,henry.mlimi@outlook.com,53
3f425274-a938-4f8c-aaa5-798f28413505,Grace Martinez,grace.martinez@example.org,51
91d96510-4132-48ee-a81d-41ee24684bf1,Senzo Williams,senzo.williams@example.org,74
a3f4d83e-346b-4dcc-b966-9e9dd07d0b38,Zanele Williams,zanele.williams@yahoo.com,76
2f80b552-b4a1-4d60-bc35-9424686af034,Henry Garcia,henry.garcia@company.com,79
302a2b84-60c6-413d-8f48-bd42243ae6a7,Mpilo Davis,mpilo.davis@company.com,40
3e774028-c3c1-418e-85ef-0959cf2c6162,Henry Brown,henry.brown@yahoo.com,41
54acf883-ea32-4885-aa57-daff649b3768,Grace Garcia,grace.garcia@gmail.com,48
c1972f03-8dda-4641-884b-4806b7ea0ac3,Frank Mthoko,frank.mthoko@example.org,48
249d247d-e2e2-4d8f-b9c8-95f85a971f52,Grace Mlimi,grace.mlimi@company.com,37
7ea53302-a771-4b82-82d2-562433a06f9c,Palesa Brown,palesa.brown@company.com,72
f76eab13-c248-4bc2-a0ba-52031d8fbc1d,Palesa Mthoko,palesa.mthoko@example.org,62
d4510c3a-d2bd-4ada-9a17-f49ebc6abdab,Grace Mthoko,grace.mthoko@outlook.com,19
6eae26f5-dfee-4187-b82f-414d94704770,Simanga Williams,simanga.williams@yahoo.com,29
9457aa83-30f8-4da1-80a2-b444b3a41b28,Mpilo Garcia,mpilo.garcia@gmail.com,37
0022871a-7438-4cd4-b441-4fba743f0614,Simanga Davis,simanga.davis@gmail.com,24
70cf848c-7a84-47d1-a812-a683c09802ae,Mpilo Miller,mpilo.miller@yahoo.com,61
9cd83d74-71b0-4b8e-a3fb-7ebd8a8f4325,Senzo Rodriguez,senzo.rodriguez@example.org,56
7c5414f1-992c-42ea-bd94-fc8c1dbae53f,Senzo Mthoko,senzo.mthoko@example.org,56
67990941-bf65-4653-a2a6-a16bbc495f55,Senzo Mthoko,senzo.mthoko@gmail.com,57
5f9e9fad-407b-4534-b974-7e7b7e7fb374,Henry Miller,henry.miller@example.org,22
084def59-47f5-4f4c-8898-148cb226da59,Grace Mlimi,grace.mlimi@yahoo.com,49
c494aeac-9f8e-48ff-956b-60d88adb5d46,Mpilo Brown,mpilo.brown@example.org,53
208cc4bc-b5d0-410f-853e-5260ca6a06cc,Simanga Davis,simanga.davis@yahoo.com,70
64f1b8e1-231d-4597-a065-f80a32a04c73,Charlie Garcia,charlie.garcia@company.com,47
78f3ad3c-7b51-4026-ba28-bc01106d695f,Mpilo Mthoko,mpilo.mthoko@example.org,77
5b2b5692-8d9a-43c1-b9f7-c2b56b60c2f9,Frank Miller,frank.miller@company.com,51
4b60ba0c-174c-4644-9232-c4c724801ca6,Zanele Mthoko,zanele.mthoko@company.com,56
a2a7b96d-e12e-427a-87be-9ebdd81cfc4b,Mpilo Williams,mpilo.williams@outlook.com,39
46b66266-e8a7-4209-b8fc-43b177adc22f,Henry Martinez,henry.martinez@yahoo.com,45
1d0173af-004b-4f13-be2f-478795c67b0e,Henry Zondo,henry.zondo@company.com,53
92a82653-1334-4b7b-837d-449b57a7adc0,Grace Brown,grace.brown@example.org,52
f2630e09-dc1c-45f6-a517-99665dd8bc8a,Mpilo Martinez,mpilo.martinez@example.org,48
76cc6bb0-a22a-43f6-8ca1-25ff8c580489,Zanele Zondo,zanele.zondo@gmail.com,43
4a32e26f-8f6c-4d66-b97b-bd82f994a349,Mpilo Davis,mpilo.davis@example.org,31
67992a4d-928c-47a5-b5e7-4835ed4b67c7,Charlie Martinez,charlie.martinez@example.org,33
06dc401b-0138-4c0d-adb4-b98133ec32bd,Henry Martinez,henry.martinez@outlook.com,21
aa5ddf44-6b63-4608-93a7-64655f55fd91,Palesa Brown,palesa.brown@gmail.com,54
f15aa620-11bd-4638-9a76-12baa76b884d,Palesa Williams,palesa.williams@example.org,77
b5d3cbaf-d0cf-484a-bd02-8e3c3f676f3c,Zanele Mlimi,zanele.mlimi@yahoo.com,75
8b50ec9c-6d32-4656-9299-10766d92313e,Zanele Zondo,zanele.zondo@example.org,59
e859170e-8c57-48ea-8389-93c9048a4b93,Charlie Mlimi,charlie.mlimi@gmail.com,77
324c55dc-ae7d-4b7a-8647-86f06b11276a,Zanele Davis,zanele.davis@company.com,60
863c5225-be17-4989-b7f1-8425b5f96bcb,Palesa Brown,palesa.brown@company.com,26
c526c0cb-ad39-4e69-a18f-4c86cd7d7fb3,Senzo Garcia,senzo.garcia@gmail.com,60
7ce0f471-8396-41ab-bf14-420745275cef,Grace Rodriguez,grace.rodriguez@company.com,60
555de389-8c29-4eb5-ad79-6ae069587757,Zakhele Brown,zakhele.brown@yahoo.com,32
b8f082fa-e18e-4a51-84f0-26cd838d18a4,Zakhele Mlimi,zakhele.mlimi@company.com,71
b498ca4a-94b6-4ded-a5ab-0e84dc80a652,Zakhele Davis,zakhele.davis@yahoo.com,55
10af2a92-d926-4feb-a420-5ef487582ba5,Senzo Brown,senzo.brown@yahoo.com,45
bafedf86-4f77-4086-9422-c26525954937,Mpilo Zondo,mpilo.zondo@yahoo.com,25
6d6f9b8d-262b-4e35-82ed-7d7efffdee5d,Mpilo Rodriguez,mpilo.rodriguez@yahoo.com,73
8157f31e-7a27-405c-8d39-273b8ead5076,Mpilo Brown,mpilo.brown@gmail.com,57
98237e44-395b-48b8-b6d0-d08465043333,Charlie Brown,charlie.brown@company.com,28
34ba6675-5a23-4188-aed9-faa7657462d1,Palesa Garcia,palesa.garcia@gmail.com,48
2cc59ae0-860a-4296-842c-5052022066da,Grace Williams,grace.williams@outlook.com,23
ace5d46e-476a-4920-b053-02b0e0ab52a5,Zanele Garcia,zanele.garcia@yahoo.com,73
c218fd2d-bc28-4f80-86e3-d7721857f3c0,Zanele Mthoko,zanele.mthoko@example.org,52
e405ea45-a997-47a5-900e-c0b03a09bd39,Zanele Mthoko,zanele.mthoko@example.org,53
a1e05878-76d2-4548-bcdc-ec9d9dbc2e7f,Senzo Martinez,senzo.martinez@company.com,72
fe08ce3a-e05d-4a67-a374-c480659658a9,Frank Rodriguez,frank.rodriguez@yahoo.com,18
466b9c39-8c0f-4404-8ef1-195ba1ae21ca,Frank Garcia,frank.garcia@outlook.com,70
c6235e75-ad34-40df-a9cc-8a21ef8e1224,Mpilo Miller,mpilo.miller@company.com,43
01b49620-7040-48b3-b33e-6fc368040b7e,Zakhele Martinez,zakhele.martinez@yahoo.com,46
965a6ab3-12e6-4d17-8c1e-f3a27aa0591d,Simanga Williams,simanga.williams@outlook.com,36
3f5dc63f-226f-4260-8e24-fa120f1a6c5a,Palesa Brown,palesa.brown@gmail.com,72
976a9117-d3d5-42a4-809c-7d998f246c38,Senzo Zondo,senzo.zondo@yahoo.com,61
aa64334d-2f1f-4658-83aa-8c2dfa503ede,Grace Garcia,grace.garcia@yahoo.com,45
76d98aac-1eae-4320-bb83-b8a87d668ae5,Charlie Mthoko,charlie.mthoko@company.com,42
3bff5485-d90f-418e-b12c-430352c2a61a,Zakhele Williams,zakhele.williams@outlook.com,27
5d01fc9e-9315-4842-a50a-2455066bdbd5,Simanga Mlimi,simanga.mlimi@outlook.com,34
b2a4e286-57cd-4e94-a625-bb4db954b21f,Grace Brown,grace.brown@example.org,51
2c405128-90cc-49b4-8c80-1f9071525cf7,Charlie Miller,charlie.miller@outlook.com,29
36ed6007-2031-4704-b4d4-bc121ef669d1,Henry Miller,henry.miller@gmail.com,48
247de2ed-e0f4-4fe7-a6f7-45aa70df71a4,Palesa Mlimi,palesa.mlimi@company.com,78
f39c249e-1f06-4459-8172-9ef3e3109eee,Senzo Martinez,senzo.martinez@example.org,58
74627010-ea57-4a4f-a9b2-d1afe9078188,Senzo Mlimi,senzo.mlimi@company.com,63
d926ad4b-8042-4971-8939-f4c8f0834771,Simanga Miller,simanga.miller@gmail.com,59
f67bf125-09f5-42f3-b944-9f392f38694d,Zanele Martinez,zanele.martinez@outlook.com,19
033476e2-8507-4e25-8de7-ca14fac83ad5,Zakhele Williams,zakhele.williams@outlook.com,71
3aaeda58-39b1-4043-8de5-bf984ceb24a0,Zanele Rodriguez,zanele.rodriguez@yahoo.com,27
d1169a73-4e5c-4498-8d20-944478351f94,Senzo Zondo,senzo.zondo@example.org,32
24f03493-f675-4194-a9c1-6c17209b0eb6,Henry Rodriguez,henry.rodriguez@yahoo.com,31
e85b3c37-9238-46f4-ac96-7949c306ec1a,Senzo Williams,senzo.williams@example.org,76
853cab8b-bd3f-4e02-b40f-6c98724d9eb7,Henry Williams,henry.williams@yahoo.com,66
168360be-2940-478e-8607-b81b26f6dfcb,Charlie Martinez,charlie.martinez@example.org,20
6f44d443-96c7-47f7-abe3-437460bc2933,Zakhele Williams,zakhele.williams@company.com,63
926afbb7-db70-4066-a54c-66b1078bae62,Senzo Garcia,senzo.garcia@gmail.com,61
75a88a20-47b4-41c5-9ada-83eb7d20979b,Senzo Garcia,senzo.garcia@gmail.com,64
75d14c9e-5cbb-4d13-9f57-ca9410d7ca24,Palesa Garcia,palesa.garcia@company.com,41
571d5d4c-966c-4a51-96ff-33a9704d3f47,Palesa Rodriguez,palesa.rodriguez@yahoo.com,80
14a54021-07b8-4640-b4f3-59f7a7dc9bae,Henry Rodriguez,henry.rodriguez@yahoo.com,73
2fe7833a-76e4-470c-b118-97d3e1fd3d20,Mpilo Garcia,mpilo.garcia@yahoo.com,30
b85bf93d-03c2-4c94-86ed-2a2ffc6014e1,Mpilo Davis,mpilo.davis@outlook.com,58
be74d962-5710-47a5-a96e-a12c80c2f3e5,Frank Rodriguez,frank.rodriguez@outlook.com,77
ccfe1e6e-6b52-4533-b058-e644017c1a6b,Palesa Garcia,palesa.garcia@company.com,33
515150a3-4438-4f03-a1f3-2233a93d3ad0,Zanele Mthoko,zanele.mthoko@gmail.com,23
38e57529-2971-41f6-baab-948a8b0365b6,Zakhele Mlimi,zakhele.mlimi@outlook.com,18
3e4538f2-84fa-40f8-9ebe-3ec07506b97d,Simanga Martinez,simanga.martinez@outlook.com,78
d9a00e99-394d-4051-8ba1-1fea7f5f701f,Frank Davis,frank.davis@yahoo.com,70
5fcc3dbc-ac39-42ed-a733-dd2540c0a232,Henry Garcia,henry.garcia@company.com,44
15cca2d2-64e0-468f-909f-8cc313c43fa4,Henry Williams,henry.williams@company.com,58
89090f54-5673-4b4a-bf87-858eed83b332,Grace Davis,grace.davis@yahoo.com,75
936984d6-1e74-4830-afc2-6b6798a787d0,Senzo Mthoko,senzo.mthoko@company.com,23
246777cc-8971-4670-a780-df997a2aaae3,Zakhele Miller,zakhele.miller@company.com,66
